Abdomen,5,,,
Pain,8,,,
Swelling,15,,,
Constipation,5,,,
Nausea ,5,8,,
Vomiting,5,8,,
Diarrhea,5,,,
Jaundice,5,,,
Abducent,8,,,
Nerve,8,,,
Abduct,7,8,,
Ablation,8,15,9,
Abnormal,15,,,
ABO Blood,1,6,,
Abortifacient,11,,,
Abortion,11,,,
Abrasion,7,,,
Abreaction,9,,,
Abruptio,11,,,
Placenta,11,,,
Abruption,11,,,
Abscess,2,,,
Absorption,5,,,
Abstract,13,,,
Acanthosis,14,,,
Nigricans,14,,,
Acarina,1,,,
Acarus,,,,
Accident,15,,,
Accomodation,8,,,
Accretion,7,,,
Acebutolol,13,,,
ACE ,13,,,
ACE inhibitor,13,,,
Acetabulum,7,,,
Acetazolamide,13,,,
Acetoacetic Acid,5,,,
Acetone,14,,,
Acetylcholine,7,8,,
Acetylcysteine,11,13,,
Acetylsalicyclic acid,7,8,,
Aspirin,8,7,,
Achalasia,5,7,8,
Achilles Tendon,7,,,
Achlorhydria,5,6,,
Achondroplasia,7,11,,
Achromia,7,,,
Aciclovir,1,,,
Acid ,14,,,
Base,14,,,
Acidosis,14,,,
Aciduria,10,,,
Acinus,4,,,
Acne,7,11,,
Rosacea,7,,,
Acoustic,8,,,
Neuroma,6,8,,
Acriflavine,2,,,
Acrocyanosis,3,,,
Acromegaly,4,6,,
Acromion,7,,,
Acroparesthesia,8,,,
ACTH,4,,,
Cortocotropin,4,,,
Actinomycin,14,,,
Dactinomycin,14,,,
Actinomycosis,2,,,
Acyclovir,1,,,
Adactyly,7,11,,
Adaptation,8,,,
Addiction,9,,,
Addisons ,4,,,
Adduct,7,,,
Adenitis,1,,,
Adenocarcinoma,6,,,
Adenoids,7,,,
Adenolipoma,6,,,
Adenoma,7,,,
Adenomatisis,7,,,
Adenosine Triphosphate,14,,,
Adenovirus,1,,,
ADHD,9,,,
Adhesion,7,,,
Adipose,14,,,
Adiposis ,14,,,
Dolorosa,14,,,
Adjuvant,13,,,
Adler,9,,,
Adolescence,11,,,
Adoption,11,,,
Adrenal Glands,4,,,
Adrenaline,4,8,,
Adrenergic ,4,8,,
Receptors,8,,,
Adrenocorticotropic,4,,,
ACTH,4,,,
Adrenogenetal,4,11,,
Adverse,13,,,
Reaction,7,,,
Yellow Fever,2,,,
Dengue,2,,,
Aegophony,12,,,
Aerobic,2,,,
Bacterium,2,,,
Aerophagy,12,,,
Bacteria,2,,,
Aerosol,12,,,
Aerotitis,2,,,
Afferent,8,,,
Afibrinogenaemia,6,,,
Afterbirth,11,,,
Afterpains,11,,,
Placenta,11,,,
Agammaglobulinemia,6,,,
Agar,2,,,
Ageing,11,,,
Agenesis,11,,,
Agglutination,6,,,
Agglutinogen,6,,,
Aggression,9,,,
Agnosia,8,,,
Agonist,13,,,
Agoraphobia,9,,,
Agranulocutosis,6,,,
Agraphia,8,,,
Aids,1,,,
HIV,1,,,
Oxygen,12,,,
Nitrogen,12,,,
Argon,12,,,
Dioxide,12,,,
Monoxide,12,,,
Embolism,3,,,
Akinesia,7,,,
Alastrim,1,,,
Albendazole,13,,,
Albinism,7,,,
Albumins,6,,,
Albumin,6,,,
Albuminuria,6,,,
Alcohol,9,13,,
Dependence,9,,,
Alcuronium,7,,,
Aldosterone,4,,,
Alexia,8,9,,
Alfacalcidol,14,,,
Alglucerase,14,,,
Gaucher,14,,,
Algorithm,15,,,
Alimentary,5,,,
Alkali ,14,,,
Alkaloids,14,,,
Alkalosis,14,,,
Alkaptonuria,14,,,
Allantoin,7,,,
Allantois,11,,,
Allele,11,,,
Allergen,1,,,
Allergic,1,,,
Rhinitis,12,,,
Allergy,1,,,
Allocheiria,8,9,,
Allograft,1,,,
Allopathy,15,,,
Allopurinol,14,,,
Alopecia,7,,,
Areata,7,,,
Blockers,13,,,
ALTE,15,,,
Alternative Medicine,15,,,
Altitude Sickness,9,,,
Aluminum,14,,,
Alveolitis ,12,,,
Alveolus,12,,,
Alzheimer,8,14,,
Alzheimer’s,8,14,,
Amantadine,13,,,
Amaurosis fugax,6,,,
Amaurosis ,6,,,
Fugax,6,,,
Ambivalence,9,,,
Amblyopia,8,,,
Amelia,11,,,
Amenorrhoea,11,,,
Amentia,11,,,
Amethocaine,13,,,
Ametropia,8,,,
Amikacin,13,,,
Amiloride,13,,,
Amines,14,,,
Amino Acids ,14,,,
Aminocaproic Acid,13,,,
Aminoglycoside,2,,,
Aminoglutethimide,13,,,
Aminoglycosides,2,,,
Aminophylline,13,12,,
Amiodarone,13,3,,
Amitriptyline,13,9,,
Ammonia ,14,,,
Amnesia ,9,8,,
Amniocentesis ,11,,,
Amnion ,11,,,
Amnioscopy ,11,,,
Amniotic Sac ,11,,,
Amniotic Fluid ,11,,,
Amoeba ,2,,,
Amniotic ,11,,,
Amoebiasis ,2,,,
Amoxicillin ,13,2,,
Amphetamines ,13,8,,
Amphoric ,12,,,
Amphotericin ,2,13,,
Ampicillin ,2,13,,
Ampoule ,13,,,
Ampulla of Vater ,5,,,
Amputation ,7,,,
Amsacrine ,13,6,,
Amylase ,5,,,
Amyl Nitrite ,13,14,,
Amyloidosis ,14,,,
Amyloid Plaques ,14,,,
Amylose ,14,,,
Amyotrophy ,7,8,,
Anabolic Steroids ,7,9,11,
Anabolism ,14,,,
Anaemia ,6,,,
Anaerobe ,2,,,
Anaesthesia ,13,8,,
Analeptic ,8,,,
Analgesia ,13,8,,
Analgesics ,13,8,,
Analysis ,14,,,
Anaphylactoid Purpura ,6,7,,
Anaphylaxis ,1,,,
Anaplasia ,6,,,
Anastomosis ,6,3,,
Anatomy ,7,,,
Ancrod ,6,13,,
Ancylostomiasis ,2,,,
Androgen ,11,,,
Anencephaly ,8,,,
Aneuploidy ,11,,,
Aneurine ,14,,,
Aneurysm ,3,,,
Angina ,3,,,
Angina Pectoris ,3,,,
Angiocardiography ,3,,,
Angiography ,3,,,
Angioma ,3,6,,
Angio-Oedema ,3,6,,
Angioplasty ,3,,,
Angiotensin ,3,13,,
ACE Inhibitors,13,3,,
Angiotensin-Converting Enzyme,3,13,,
Angitis ,3,,,
Anhidrosis ,7,,,
Animal Starch ,14,,,
Anisocytosis ,6,,,
Ankle ,7,,,
Ankylosing Spondylitis ,8,,,
Ankylosis ,8,,,
Ankylostoma ,8,6,,
Anodynes ,13,,,
Anopheles ,2,,,
Anorexia ,5,9,,
Anorexia Nervosa ,5,9,,
Anorgasmia ,11,,,
Anosmia ,8,,,
Anovular ,11,,,
Anoxaemia ,12,3,,
Anoxia ,12,3,,
Antabuse ,13,,,
Antacids ,5,,,
Antagonist ,13,,,
Anteflexion ,7,,,
Antenatal ,11,,,
Antepartum ,11,,,
Anterior ,7,,,
Tibial Syndrome ,7,,,
Anteversion ,7,,,
Anthracosis ,12,,,
Anthracyclines ,13,2,,
Anthrax ,2,13,,
Antiarrhythmic ,3,,,
Antibacterial ,2,13,,
Antibiotics ,2,13,,
Antibodies ,1,,,
Anticholinergic ,13,8,,
Anticholinesterase ,8,,,
Anticoagulants ,6,13,,
Anticonvulsants ,13,8,,
Antidepressant ,13,9,,
Antidiarrhoeal ,13,5,,
Antidiuretic Hormone ,10,,,
ADH ,10,,,
Antidotes ,13,,,
Antiemetic ,13,5,,
Antigen ,1,,,
Antihelminthic ,2,13,,
Antihistamine ,13,1,,
Antihypertensive ,13,3,,
Anti-Inflammatory ,13,1,,
Antiinflammatory ,13,1,,
Inflammatory ,1,,,
Antimetabolites ,13,,,
Antimuscarine ,13,8,,
Antioxidant ,13,,,
Antiperistalsis ,13,5,,
Antipsychotic ,13,9,,
Antipyretics ,13,1,,
Antiseptics ,13,2,,
Antispasmodics ,13,8,,
Antitoxin ,13,,,
Antivenom ,13,,,
Antrostomy ,7,,,
Antrum ,7,,,
Anuria ,10,,,
Anus ,5,,,
Anxiety ,9,,,
Anxiolytics ,13,9,,
Aorta ,3,,,
Aortic Incompetence ,3,,,
Aortic Stenosis ,3,,,
Aortic Valve ,3,,,
Aortitis ,3,2,,
Aortography ,3,,,
Aperients ,13,5,,
Apgar Score ,11,,,
Apex Beat ,3,,,
Aphakia ,8,11,,
Aphasia ,9,8,,
Aphonia ,9,8,,
Aphthous Ulcer ,5,7,,
Apicectomy ,7,2,,
Aplasia ,11,,,
Apnoea ,12,,,
Apodia ,7,,,
Aponeurosis ,7,,,
Apoplexy ,8,,,
Apoptosis ,14,1,,
Appendicectomy ,5,,,
Appendicitis ,5,1,,
Appendix ,5,,,
Appetite ,5,9,,
Apraxia ,8,7,,
Apyrexia ,1,14,,
Arachnodactyly ,7,,,
Arachnoid ,8,,,
Arachnoid Membrane ,8,,,
Arbovirus,1,,,
Arboviruses ,1,,,
Arc Eye ,8,7,,
Arcus Senilis ,8,,,
Arenaviruses ,1,,,
Areola ,7,,,
Argyll Robertson Pupil ,8,,,
Argyll Robertson,8,,,
Argyll Pupil ,8,,,
Robertson Pupil ,8,,,
Argyll ,8,,,
Argyria ,7,,,
Aromatase ,14,11,,
Aromatase Inhibitors ,14,11,,
Arrhythmia ,3,,,
Arsenic ,13,14,,
Artifact ,15,,,
Arteries ,3,,,
Artery,3,,,
Arteriography ,3,,,
Arteriole ,3,,,
Arterio-Venous Aneurysm ,3,,,
Arteritis ,3,1,,
Arthralgia ,7,,,
Arthritis ,7,1,,
Arthrodesis ,7,,,
Arthropathy ,7,,,
Arthroplasty ,7,,,
Arthropods ,1,,,
Arthroscope ,7,,,
Arthroscopy ,7,,,
Arthrotomy ,7,,,
Articular ,7,,,
Articulation ,7,,,
Artifact ,15,,,
Artefact ,15,,,
Artificial Insemination ,11,,,
Artificial Joints ,7,,,
Ventilation ,12,,,
Arytenoid ,12,,,
Asbestos ,12,,,
Asbestosis ,12,,,
Ascaris,2,,,
Ascariasis ,2,,,
Ascaricides ,2,,,
Ascites ,3,5,2,
Ascorbic Acid ,13,,,
Asepsis ,2,,,
ASH ,12,,,
Asparaginase ,14,,,
Aspartame ,14,,,
Asperger ,9,,,
Asperger’s Syndrome ,9,,,
Aspergillosis ,2,12,,
Aspergillus ,2,12,,
Asphyxia ,3,12,,
Aspiration ,12,,,
Aspirin ,13,6,8,
Poisoning ,13,14,,
Assisted Conception ,11,,,
Association ,15,,,
Astereognosis ,9,8,,
Asthenia ,7,,,
Asthenopia ,8,,,
Asthma ,12,,,
Astigmatism ,8,,,
Astrovirus ,1,,,
Astigma ,8,,,
Astroviruses ,1,,,
Asymptomatic ,15,,,
Asynergia ,7,8,,
Asystole ,3,,,
Atavism ,11,,,
Ataxia ,8,,,
Atelectasis ,12,,,
Atenolol ,13,3,,
Atheroma ,3,,,
Atherosclerosis ,3,,,
Athetosis ,8,,,
Athlete’s Foot ,2,,,
Athrombia ,6,,,
Atlas ,7,,,
Atony ,7,,,
Atopy ,1,6,12,
Atresia ,11,,,
Atrial Natriuretic Peptide ,3,,,
Atrial Septal Defect ,3,11,,
Atrium ,3,,,
Atrophy ,11,,,
Atropine ,13,8,,
Attention Deficit Disorder ,9,,,
Hyperactivity Syndrome ,9,,,
ADD,9,,,
ADHD,9,,,
Audiogram ,8,,,
Audiometry ,8,,,
Auditory Nerve ,8,,,
Auditory,8,,,
VESTIBULOCOCHLEAR ,8,,,
Aura ,8,,,
Aural ,8,,,
Auricle ,8,,,
Auriscope ,8,,,
Auscultation ,15,,,
Autism ,9,,,
Autoantibody ,1,,,
Autoclave ,15,,,
Autogenous ,2,,,
Autoimmune ,1,,,
Autoimmunity ,1,,,
Autointoxication ,14,,,
Blood Transfusion ,6,3,,
TRANSFUSION ,6,3,,
Autolysis ,14,,,
Automatism ,9,8,,
Autonomic Nervous System ,8,,,
Autonomic ,8,,,
Autopsy ,15,,,
Autosomal ,11,,,
Dominant ,11,,,
Auto-Suggestion ,9,,,
Avascular ,3,,,
Aversion Therapy ,9,,,
Aversion,9,,,
Avitaminosis ,14,,,
Avulsion ,7,,,
Axilla ,7,,,
Axis ,7,,,
Axon ,8,,,
Azathioprine ,13,,,
Azoospermia ,11,,,
Azotaemia ,10,3,,
Babinski ,11,8,,
Babinski Reflex ,11,8,,
Bacillus ,2,,,
Bacitracin ,2,13,,
Backache ,8,,,
Baclofen ,7,,,
Bacteraemia ,2,3,,
Bacteria ,2,,,
Bacterial Meningitis ,2,8,,
Meningitis ,2,8,1,
Bactericide ,2,13,,
Bacteriology ,2,,,
Bacteriophage ,1,,,
Bacteriostatic ,13,,,
Bacterium ,2,,,
Bacteriuria ,10,2,,
Bacteroides ,2,,,
Bacup ,15,,,
Bagassosis ,12,,,
Balance ,7,,,
DIMERCAPROL ,13,,,
Balanitis ,11,1,,
Balantidiasis ,2,5,,
Baldness ,7,,,
Ballottement ,7,,,
Balsams ,13,,,
Bandages ,7,,,
Barany’s Test ,8,,,
Barber’s Itch ,7,,,
SYCOSIS ,1,,,
Barbiturates ,13,,,
Barium Sulphate ,13,5,,
Barium,13,5,,
Baroreceptor ,13,,,
Barrier Creams ,7,,,
Barrier Nursing ,7,,,
Bartholin’s Glands ,11,,,
Bartholin’s Gland,11,,,
Bartholin,11,,,
Basal Cell Carcinoma ,7,6,,
Basal Ganglion ,8,,,
Basal Metabolism ,14,,,
Basilic Vein ,3,,,
Basophilia ,6,,,
Bat Ears ,9,,,
Bather’s Itch ,7,1,,
BCG Vaccine ,12,2,13,
BCG,13,2,12,
Beclomethasone,13,12,4,
Beclomethasone Dipropionate ,13,12,4,
Bed Bath ,15,,,
Bed-Blocking ,15,,,
Bed Bug ,2,,,
Bedpan ,15,,,
Bed Sores ,2,9,,
ULCER ,1,,,
Bed-Wetting ,9,10,,
Wetting ,9,10,,
ENURESIS ,9,10,,
NOCTURNAL ENURESIS ,9,10,,
Bee Stings ,1,,,
Bee Sting,1,,,
Behavior Therapy ,9,,,
Behavioral Therapy ,9,,,
Behçet’s Syndrome ,1,11,5,8
Belching ,5,,,
Belladonna Poisoning ,8,13,3,
Bell’s Palsy ,8,,,
B Endorphin ,13,,,
Bends ,12,,,
Benign ,15,,,
Bennett’s Fracture ,7,,,
Benzedrine ,13,8,,
Benzhexol ,13,8,,
Benzocaine ,13,8,1,
Benzodiazepines ,13,9,8,
Benzothiadiazines ,13,9,8,
Benzyl Benzoate ,13,2,7,
Benzylpenicillin ,13,2,,
Bereavement ,9,,,
Beriberi ,14,,,
Berylliosis ,12,,,
Beta Adrenoceptor ,13,,,
Beta-Adrenoceptor-Blocking ,13,,,
beta blocker ,13,3,,
Betamethasone ,13,7,,
Betatron ,15,6,,
Bezoar ,5,,,
Bias ,15,,,
Bicarbonate ,12,2,,
baking soda ,12,2,,
Biceps ,7,,,
Bicuspid ,3,,,
Bifid ,15,,,
Bifocal Lens ,8,,,
Bifurcation ,15,,,
Biguanides ,13,,,
Bilateral ,7,,,
Bile ,5,,,
Bile Duct ,5,,,
Bilharziasis ,3,,,
Biliary Colic ,5,,,
Bilirubin ,5,,,
Binaural ,8,,,
Binocular ,8,,,
Binovular Twins ,11,,,
Bio-Availability ,14,,,
Biofeedback ,15,,,
Biological ,14,,,
Biological Warfare ,14,13,,
Biomechanical Engineering ,14,,,
Biopsy ,7,6,1,
Bioremediation ,15,,,
Bioterrorism ,14,,,
Biotin ,14,,,
Bipolar Disorder ,9,,,
Bird Fancier’s Lung ,12,1,,
Bipolar,9,,,
Birth Canal ,11,,,
Birth Control ,11,,,
Birth Defects ,11,,,
Birth Marks ,11,,,
Birth Pool ,11,,,
Bisacodyl ,5,8,,
Birth Rate ,11,,,
Bisexual ,11,,,
Bismuth ,13,5,,
Bisphosphonate,7,13,,
Bisphosphonates ,7,13,,
PLAGUE ,1,,,
Blackheads ,7,,,
ACNE ,7,,,
Blackwater Fever ,6,2,,
Bladder ,10,,,
Urinary bladder ,10,,,
Gall-bladder ,5,,,
Bleeding ,6,,,
HAEMORRHAGE ,6,,,
VENESECTION ,6,,,
Blenorrhoea ,1,14,,
Bleomycin ,2,13,,
Blepharitis ,8,1,,
Blepharospasm ,8,,,
Blind Loop Syndrome ,5,,,
Blindness ,8,,,
Blood ,6,3,,
Brain Barrier ,8,7,,
Clot ,6,,,
Corpuscle ,6,,,
Count ,1,6,,
Donor ,1,,,
Gases ,14,,,
Group ,6,1,,
Letting ,6,,,
Pressure ,3,,,
Transfusion ,1,6,,
Vessel ,3,,,
Vessels,3,,,
BMI ,14,,,
BODY MASS INDEX ,14,,,
Boils ,7,,,
Furunculosis ,1,7,,
Bolam Test ,15,,,
Bolus ,5,,,
Bonding ,9,11,,
Bone ,7,,,
skeleton ,7,,,
fracture ,7,,,
SIMPLE ,7,,,
COMPOUND ,7,,,
COMMINUTED ,7,,,
COMPLICATED ,7,,,
GREENSTICK ,7,,,
DEPRESSED FRACTURE ,7,,,
HAIR-LINE FRACTURE ,7,,,
Congenital ,11,,,
osteomyelitis ,1,7,,
ricket ,7,,,
Osteomalacia ,7,,,
Osteoporosis ,7,,,
Paget’s disease ,7,,,
EWING’S TUMOR ,7,6,,
EWING,7,6,,
MYELOMA ,7,6,,
OSTEOID OSTEOMA ,7,6,,
OSTEOSARCOMA ,7,6,,
Bone Graft ,7,,,
Bone Marrow ,7,6,,
Marrow ,7,6,,
Graft ,1,,,
Transplant ,1,,,
Borborygmus ,5,,,
Bornholm ,1,,,
Botulinum ,2,14,,
botox,2,13,,
Botulism ,2,14,,
Bougies ,15,,,
Bovine Spongiform,8,,,
Encephalopathy ,8,,,
BSE ,8,,,
Bowels ,5,,,
Bowen’s Disease ,7,,,
Bow Leg ,7,,,
Boxing,8,,,
Brachial ,8,7,,
Brachycephalic ,8,7,,
Brachydactyly ,7,,,
Bradycardia ,3,,,
Bradykinesia ,8,,,
Bradykinin ,6,1,,
Braille ,8,9,,
Brain ,8,,,
CEREBRUM ,8,,,
CEREBELLUM ,8,,,
MID-BRAIN ,8,,,
mesencephalon ,8,,,
PONS ,8,,,
MEDULLA OBLONGATA ,8,,,
MEDULLA ,8,,,
BASAL NUCLEI ,8,,,
NERVE ,8,,,
Olfactory ,8,,,
Optic ,8,,,
Oculomotor ,8,,,
Trochlear ,8,,,
Abducent ,8,,,
Trigeminal ,8,,,
Facial ,8,,,
Glossopharyngeal,8,,,
Vestibulocochlear ,8,,,
Vagus ,8,,,
Spinal accessory ,8,,,
Hypoglossal,8,,,
Stroke ,8,,,
atrophy ,15,,,
Degeneration ,8,,,
Dementia ,8,,,
Cerebral palsy ,8,,,
palsy ,8,,,
head injury,8,,,
edema ,6,3,,
Breast ,11,,,
Branchial Cyst ,11,,,
Bran ,14,,,
Breastbone ,7,,,
STERNUM ,7,,,
Breast Feeding ,11,9,,
Breathing ,12,,,
Breath,12,,,
Breathe,12,,,
Breathlessness ,12,,,
Breech Delivery ,11,,,
Breech ,11,,,
Bright’s Disease ,10,,,
Glomerulonephritis ,10,,,
Bromocriptine,13,8,4,
Brittle Bone ,7,,,
Bronchial Tubes ,12,,,
Bronchiectasis ,12,,,
Bronchioles ,12,,,
Bronchiolitis ,12,1,,
Obliterans ,1,12,7,
Bronchitis ,12,1,,
Bronchodilator ,12,,,
Bronchography ,12,,,
Bronchopleural ,12,,,
Fistula ,12,,,
Broncho-Pneumonia ,12,,,
BronchoPneumonia ,12,,,
PNEUMONIA ,12,,,
Bronchoscope ,12,,,
Bronchoscopy ,12,,,
Bronchospasm ,12,,,
Bronchus ,12,,,
Brucellosis ,2,,,
Bruises ,7,,,
Bruise,7,,,
Bruit ,3,,,
Murmur ,3,,,
Bruxism ,9,,,
Bubo ,11,6,,
Buccal ,5,,,
Budgerigar-Fancier’s Lung ,12,,,
Buerger’s Disease ,1,3,,
Bulbar Paralysis ,8,,,
Bulimia ,9,5,14,
Bulla ,12,7,11,
Bumetanide ,13,10,,
Bundle Branch Block ,8,,,
Bundle of His ,8,,,
Bunions ,7,,,
Bupivacaine ,13,,,
Burkitt’s Lymphoma ,6,,,
Burning Feet ,8,,,
Burnout ,9,,,
Burns ,7,,,
Scalds ,7,,,
Burr Hole ,7,,,
Bur Hole ,7,,,
Bursae ,7,,,
Bursitis ,7,,,
Buspirone ,13,9,,
Busulfan ,13,,,
Butyrophenones ,13,,,
Bypass ,3,,,
Byssinosis ,12,,,
Cachet ,13,,,
Cachexia ,7,,,
Cadaver ,15,,,
Cadmium ,14,,,
Caecum ,5,,,
Caesarean ,11,,,
Caesium-137,6,,,
Caffeine ,8,13,,
Caisson ,12,7,,
Calamine ,7,,,
Calcaneus ,7,,,
Calcicosis ,7,,,
Calciferol ,14,,,
Calcification ,14,,,
Calcinosis ,14,,,
Calcitonin ,14,7,,
Calcium ,14,,,
Calcium-Channel Blockers ,13,,,
Gluconate ,10,,,
Calculi ,10,,,
Caldicott ,15,,,
Calibre ,15,,,
Calliper ,14,,,
Splint ,7,,,
Callosities ,7,,,
Callus ,7,,,
Caloric ,14,,,
Calorie ,14,,,
Caelyx ,6,13,,
Campylobacter ,2,,,
Canaliculus ,8,,,
Cancellous ,7,,,
Cancer ,6,,,
Cancrum Oris ,5,,,
Candida ,2,,,
Canine ,7,,,
Teeth ,7,,,
Cannabis ,13,8,,
Cannula ,15,,,
Canthus ,7,,,
CAPD ,8,,,
Capillaries ,3,,,
Capillary ,3,,,
Capsule ,13,,,
Captopril ,13,3,,
Caput Medusae ,3,,,
Caput Succedaneum ,11,7,,
Carbachol ,13,8,,
Carbamazepine ,13,8,,
Carbaryl ,13,,,
Carbimazole ,13,4,,
Carbohydrate ,14,,,
Carbolic Acid ,14,,,
Carbon Dioxide ,14,12,,
CO2,14,12,,
Carbonic Anhydrase Inhibitor ,13,,,
Carbonic Anhydrase,14,,,
Carbon Monoxide ,14,12,,
Carboxyhaemoglobinaemia ,14,3,,
Carbuncle ,7,,,
Carcinogenesis ,6,,,
Carcinogen ,6,,,
Carcinogens ,6,,,
Carcinoma ,6,,,
Carcinomatosis ,6,,,
Cardia ,3,,,
Arrest,3,,,
Arrhythmia ,3,,,
Catheterisation ,5,10,,
Glycoside ,3,,,
Pacemaker ,3,,,
Tamponade ,3,,,
Cardioangiography ,3,,,
Cardiology ,3,,,
heart pump,3,,,
Cardiomegaly ,3,,,
Cardiomyopathy ,3,,,
Cardioplegia ,3,,,
Cardiopulmonary Bypass ,3,12,,
Cardioversion ,3,,,
Resuscitation ,3,,,
Resuscitate ,3,,,
Cardiospasm ,3,,,
Cardiovascular ,3,,,
Caries ,7,,,
Carminatives ,5,,,
Carminative,5,,,
Carneous ,5,,,
Carotene ,14,8,,
Carotid ,3,,,
Carpal Tunnel ,7,8,,
Carpus ,7,,,
Carrier ,11,,,
Cartilage ,7,,,
Caruncle ,7,,,
Caseation ,7,14,,
Casein ,14,,,
Case-Control ,15,,,
Castration ,11,,,
Cast ,15,,,
Casts ,15,,,
Catabolism ,14,,,
Catalepsy ,7,,,
Cataplexy ,7,,,
Cataract ,8,,,
Catarrh ,7,5,,
Catatonia ,7,,,
Catecholamine ,13,,,
Catecholamines ,13,,,
Catgut ,5,,,
Cathartics ,5,,,
Cathartic,5,,,
Catherisation ,5,,,
Catheter ,10,,,
Catheters ,10,,,
Endotracheal ,12,,,
Eustachian ,8,12,,
Nasal,12,,,
Rectal,5,,,
Suprapubic ,10,,,
Ureteric ,10,,,
Urethral ,10,,,
Cat Scanner ,15,,,
CT SCANNER ,15,,,
Cat-Scratch ,2,,,
Cauda ,8,,,
Caul ,7,11,,
Cauliflower Ear ,3,7,,
Causalgia ,8,,,
Caustics ,8,,,
Cauteries ,7,,,
Cavernous Breathing ,12,,,
Cavernous ,7,,,
Sinus ,7,,,
CD4 ,1,,,
CD8 ,1,,,
Count ,1,,,
Cefoxitin ,13,,,
Transfusion ,6,,,
Cell ,14,,,
Cells,14,,,
Cellulitis ,7,,,
Cellulose ,14,,,
Cement ,15,,,
Central Nervous System ,8,,,
Central Venous Pressure ,3,,,
Venous Pressure ,3,,,
Cephalosporin ,13,,,
Cephalosporins ,13,,,
Cereal ,14,,,
Cerebellar Ataxia ,8,,,
Cerebellar,8,,,
Ataxia ,8,,,
Cerebellum ,8,,,
Palsy ,8,,,
Cerebrospinal ,8,,,
Fluid ,7,,,
Cerebrovascular ,3,8,,
STROKE ,3,8,,
Cerumen ,14,8,,
Cervical ,11,,,
Smear ,11,,,
Cervicitis ,11,1,,
Cervix,11,,,
Uteri ,11,,,
Cetavlon ,13,2,,
Cetrimide ,13,2,,
Chagas,1,3,,
Chalazion ,7,,,
Chalicosis ,12,,,
Chalk-Stones ,14,,,
GOUT ,14,,,
Chancre ,11,,,
SYPHILIS ,11,,,
Chancroid ,11,,,
CLIMACTERIC ,11,,,
MENOPAUSE ,11,,,
Chapped ,7,,,
Charcoal ,13,,,
Charcot ,8,,,
Cheilosis ,7,,,
Cheiropompholyx ,7,,,
Chelating ,13,,,
Chemosis ,7,8,,
Chemotaxis ,2,,,
Chemotherapy ,6,,,
Chenodeoxycholic ,13,5,,
bile acid ,5,,,
Chest ,7,3,12,
Barrel,7,,,
Pigeon,7,,,
Rickety ,7,,,
Pectus ,7,,,
Cheyne,12,,,
Stokes ,12,,,
Cheyne-Stokes ,12,,,
Chiasma ,15,,,
Chickenpox ,1,,,
Chigger ,2,,,
Chilblain ,7,,,
Abuse ,9,,,
Adoption ,11,,,
Childbirth ,11,,,
development ,11,,,
protection ,11,,,
protective,11,,,
Chills ,1,,,
Chimera ,11,,,
Avian ,1,,,
Influenza ,1,,,
Chiropody ,7,,,
Chiropractor ,7,,,
Chlamydia ,11,,,
Chloasma ,7,,,
Chloral ,,,,
Hydrate ,,,,
Chlorambucil ,,,,
Chloramphenicol ,,,,
Chlordane ,,,,
Chlordiazepoxide ,,,,
Chlorhexidine ,,,,
Chlorine ,,,,
Chloroma ,,,,
HYPOCHLORITE ,,,,
Chlorophyll ,,,,
Chloroquine ,,,,
Chlorpromazine ,,,,
Chlorpropamide ,,,,
Chlortetracycline ,,,,
TETRACYCLINES ,,,,
Choking ,,,,
Cholagogues ,,,,
Cholangiography ,,,,
Cholangitis ,,,,
Cholecystectomy ,,,,
Cholecystitis ,,,,
Cholecystography ,,,,
Cholecystokinin ,,,,
Cholelithiasis ,,,,
Cholelithotomy ,,,,
Cholera ,,,,
Choleretic ,,,,
Cholestasis ,,,,
Cholesterol ,,,,
Choline ,,,,
Cholinergic ,,,,
Cholinesterase ,,,,
Chondroma ,,,,
Chorda ,,,,
Chorea ,,,,
Choriocarcinoma ,,,,
Chorion ,,,,
Chorionic Gonadotrophic hormone,,,,
cgh,,,,
Choroid ,,,,
Choroiditis ,,,,
UVEITIS ,,,,
Choroid Plexus ,,,,
Christmas Disease ,,,,
Chromaffin ,,,,
Chromatin ,,,,
Chromic Acid ,,,,
Chromosome,,,,
Chronic Obstructive Pulmonary Disease,,,,
Chromosomes ,,,,
Fatigue ,,,,
copd,,,,
Chyle ,,,,
Chyluria ,,,,
Chyme ,,,,
Chymopapain ,,,,
Chymotrypsin ,,,,
Cicatrix ,,,,
Ciclosporin,,,,
Cilia ,,,,
Ciliary Body ,,,,
Cimetidine ,,,,
Cimex Lectularius ,,,,
Cinchona ,,,,
Ciprofloxacin ,,,,
Circle of Willis ,,,,
Circulatory ,,,,
Circumcision ,,,,
Cirrhosis ,,,,
Cirsoid ,,,,
Aneurysm ,,,,
Cisplatin ,,,,
Citric Acid ,,,,
CJD ,,,,
CREUTZFELDT-JAKOB DISEASE ,,,,
Claudication ,,,,
Claustrophobia ,,,,
Clavicle ,,,,
Claw-Foot ,,,,
PES CAVUS ,,,,
Claw-Toes ,,,,
Cleft Foot ,,,,
Cleft Hand ,,,,
Cleft Palate ,,,,
Clicking Finger ,,,,
Climacteric ,,,,
Clindamycin ,,,,
Clinical ,,,,
Clitoris ,,,,
Clofazimine ,,,,
Clofibrate ,,,,
Clomiphene ,,,,
Clomipramine ,,,,
Clonazepam ,,,,
Clone ,,,,
Clonic ,,,,
Clonidine ,,,,
Cloning ,,,,
Clonus ,,,,
Clormethiazole ,,,,
Clostridium ,,,,
Clot ,,,,
Clotrimazole ,,,,
COAGULATION. ,,,,
Clotting ,,,,
Clozapine ,,,,
Clubbing ,,,,
Club-Foot ,,,,
Cluster ,,,,
CYTOMEGALOVIRUS ,,,,
CMV,,,,
Coagulation ,,,,
Coagulopathy ,,,,
Coarctation ,,,,
Cobalamins ,,,,
Cobalamin ,,,,
Cobalt-60 ,,,,
Cocaine ,,,,
Cocci ,,,,
Coccydynia ,,,,
Coccyx ,,,,
Cochlea ,,,,
Cochlear Implant ,,,,
ear Implant ,,,,
Codeine ,,,,
Cod-Liver Oil ,,,,
Coeliac Disease ,,,,
Celiac Disease ,,,,
Coelioscopy ,,,,
Cognition ,,,,
Cognitive Behavior Therapy ,,,,
Coitus ,,,,
intercourse ,,,,
sexual ,,,,
sex,,,,
Colchicine ,,,,
GOUT ,,,,
Colchicum ,,,,
Common Cold ,,,,
Cold Sores ,,,,
Colectomy ,,,,
Cholestyramine ,,,,
Colic ,,,,
Coliform ,,,,
Colistin ,,,,
Colitis ,,,,
Collagen ,,,,
Collapse ,,,,
Collar-Bone ,,,,
CLAVICLE ,,,,
Colles’ Fracture ,,,,
Collodions ,,,,
Colloid ,,,,
Coloboma ,,,,
Colon ,,,,
Colonoscope ,,,,
Colonoscopy ,,,,
Colostomy ,,,,
Colostrum ,,,,
Color Blindness ,,,,
Colporrhaphy ,,,,
Colposcopy,,,,
Coma ,,,,
Comedones ,,,,
Comedone,,,,
Commensal ,,,,
Fracture ,,,,
Comminuted ,,,,
Commissure ,,,,
Communicable ,,,,
Compatibility ,,,,
Compensation ,,,,
Complement ,,,,
Complexion ,,,,
Compliance ,,,,
Compress ,,,,
caisson disease ,,,,
Compressed Air ,,,,
Complement ,,,,
Compression ,,,,
Computed Tomography ,,,,
CT,,,,
Condom ,,,,
Condyle ,,,,
Concussion ,,,,
Conception ,,,,
Computerised Tomography ,,,,
Condyloma ,,,,
Cone ,,,,
Confidentiality ,,,,
Congenital ,,,,
Congenital Adrenal,,,,
Adrenal Hyperplasia ,,,,
ADRENOGENITAL ,,,,
Congestion ,,,,
Conjoined ,,,,
Conjunctiva ,,,,
Conjunctivitis ,,,,
Connective Tissue ,,,,
Consanguinous ,,,,
Consciousness ,,,,
Consolidation ,,,,
Constipation ,,,,
Constitution ,,,,
Consultant ,,,,
Consumption ,,,,
TUBERCULOSIS ,,,,
Contact Lense,,,,
Contact Lenses ,,,,
Contagion ,,,,
Fever ,,,,
TRANSFUSION ,,,,
Contraception ,,,,
Contracture ,,,,
Contrast ,,,,
Contre ,,,,
Controlled ,,,,
Contusion ,,,,
Convalescence ,,,,
Convergence ,,,,
Conversion ,,,,
Convolution ,,,,
Coordination ,,,,
Copper ,,,,
Coprolalia ,,,,
Cooley’s Anaemia,,,,
Coomb ,,,,
THALASSAEMIA ,,,,
Coordination ,,,,
Copper ,,,,
Coprolalia ,,,,
Copulation ,,,,
Cordotomy ,,,,
Cornea ,,,,
Corneal Graft ,,,,
Graft ,,,,
Corneal Reflex ,,,,
Corns ,,,,
Bunions ,,,,
Coronary ,,,,
Angioplasty ,,,,
Grafting ,,,,
Thrombosis ,,,,
Coronavirus ,,,,
Coroner ,,,,
Corpulence ,,,,
Cor Pulmonale ,,,,
ulmonary heart disease ,,,,
Corpuscle ,,,,
Corpus Luteum ,,,,
Corrigan’s Pulse ,,,,
Corrosives ,,,,
Corrosive ,,,,
Corset ,,,,
Cortex ,,,,
Corticosteroids ,,,,
Corticosteroid,,,,
Corticotropin ,,,,
Cortisol ,,,,
Cortisone ,,,,
Corynebacteria ,,,,
Coryza ,,,,
Costal ,,,,
Costalgia ,,,,
SUDDEN INFANT DEATH SYNDROME ,,,,
sids,,,,
Co-Trimoxazole ,,,,
trimethoprim ,,,,
sulphamethoxazole ,,,,
Cough ,,,,
Syncope ,,,,
Counselling ,,,,
Cowper’s Glands ,,,,
Cowper’s Gland,,,,
Cowpox ,,,,
COX-2 ,,,,
Inhibitor ,,,,
Coxalgia ,,,,
Coxa Vara ,,,,
Coxsackie ,,,,
CPR ,,,,
CARDIOPULMONARY RESUSCITATION ,,,,
Crab-Louse ,,,,
crabs,,,,
Pediculus pubis ,,,,
PEDICULOSIS ,,,,
Cracked-Pot ,,,,
Cracked Pot ,,,,
Cradle ,,,,
Cramp ,,,,
Cranial Nerves ,,,,
Cranial Nerve ,,,,
Craniotomy ,,,,
Cranium ,,,,
Cream ,,,,
Creatine ,,,,
Kinase ,,,,
Creatinine ,,,,
Eruption ,,,,
STRONGYLOIDIASIS ,,,,
Cremation ,,,,
Crenation ,,,,
Creosote ,,,,
Crepitation ,,,,
Crepitations ,,,,
Crepitus ,,,,
Cresol ,,,,
Cretinism ,,,,
HYPOTHYROIDISM ,,,,
Creutzfeldt-Jakob Disease ,,,,
CJD ,,,,
Crohn’s Disease ,,,,
Crotamiton ,,,,
Crotch ,,,,
PERINEUM ,,,,
Croup ,,,,
CRP ,,,,
Cruciate Ligaments ,,,,
Crural ,,,,
Crush Syndrome ,,,,
Crusta Lactea ,,,,
Crutch ,,,,
Palsy ,,,,
Cryoanalgesia ,,,,
Cryoprecipitate ,,,,
Cryopreservation ,,,,
Cryoscopy ,,,,
Cryosurgery ,,,,
Cryotherapy ,,,,
Cryptococcosis ,,,,
Cryptococcus ,,,,
Cryptorchidism ,,,,
CSF ,,,,
CEREBROSPINAL FLUID ,,,,
CT Scan ,,,,
CT Scanner ,,,,
Culdoscopy ,,,,
Curette ,,,,
Cushing’s Syndrome ,,,,
Cutaneous ,,,,
Cuticle ,,,,
Cuts ,,,,
Cyanide Poisoning ,,,,
Cyanides ,,,,
Cyanocobalamin ,,,,
Cyanosis ,,,,
Cybernetics ,,,,
Cyclamates ,,,,
Cyclical Oedema ,,,,
Cyclical edema ,,,,
Cyclizine ,,,,
Hydrochloride ,,,,
Cyclophosphamide ,,,,
Cycloplegia ,,,,
Cyclopropane ,,,,
Cycloserine ,,,,
Cyclothymia ,,,,
Cyclotron ,,,,
Cyesis ,,,,
Cystectomy ,,,,
Cyproterone ,,,,
Cysteine ,,,,
Cystic Duct ,,,,
Cysticercosis ,,,,
Cystic Fibrosis ,,,,
Cystitis ,,,,
Cystocoele ,,,,
Cystogram ,,,,
Cystometer ,,,,
Cystometry ,,,,
Cystoscope ,,,,
Cysts ,,,,
Cytarabine ,,,,
Cytogenetics ,,,,
Cytokines ,,,,
Cytology ,,,,
Cytomegalovirus ,,,,
CMV ,,,,
Cytometer ,,,,
Cytoplasm ,,,,
Cytotoxic ,,,,
Da Costa’s Syndrome ,,,,
EFFORT SYNDROME ,,,,
Dacryocystitis ,,,,
Dactinomycin ,,,,
Dactylitis ,,,,
Danazol ,,,,
Dandruff ,,,,
Dantrolene ,,,,
Dapsone ,,,,
Dartos ,,,,
Rape ,,,,
Day Blindness ,,,,
Daydream ,,,,
DaydreamS ,,,,
DIDANOSINE ,,,,
DICHLORODIPHENYL TRICHLOROETHANE ,,,,
DDT ,,,,
DDI ,,,,
Nightshade ,,,,
Atropa belladonna ,,,,
Dead Space ,,,,
Deafness ,,,,
Deamination ,,,,
Debility ,,,,
Debridement ,,,,
Decidua ,,,,
Decoction ,,,,
Decompensation ,,,,
Decongestant ,,,,
Decubitus ,,,,
Decussation ,,,,
Deep Vein Thrombosis ,,,,
dvt,,,,
Defaecation ,,,,
Defibrillation ,,,,
Defibrillator ,,,,
Deficiency ,,,,
Deficient,,,,
Deformities ,,,,
Deformity,,,,
Degeneration ,,,,
Degenerative ,,,,
Deglutition ,,,,
Dehiscence ,,,,
Dehydration ,,,,
Delhi Boil ,,,,
Delinquency ,,,,
Delirium ,,,,
Déjà Vu ,,,,
Deja Vu,,,,
Delivery ,,,,
Delta Waves ,,,,
Delta Wave,,,,
Deltoid ,,,,
Delusion ,,,,
Delusions ,,,,
Delusional ,,,,
Dementia ,,,,
Demography ,,,,
De Morgan’s Spots ,,,,
HAEMANGIOMA,,,,
Demyelination ,,,,
Dendritic Ulcer ,,,,
Denervation ,,,,
Dengue ,,,,
Dental ,,,,
Dentine ,,,,
Dentition ,,,,
Denture ,,,,
Dentist ,,,,
Deodorant ,,,,
Deodorants ,,,,
Deoxyribonucleic Acid ,,,,
DNA,,,,
Dependence ,,,,
Depigmentation ,,,,
Depilation ,,,,
Depression ,,,,
Depressor ,,,,
Deprivation ,,,,
Dermabrasion ,,,,
Dermatitis ,,,,
Dermatofibroma ,,,,
Dermatoglyphics ,,,,
Dermatologist ,,,,
Dermatology ,,,,
Dermatome ,,,,
Dermatomyositis ,,,,
Dermatophytes ,,,,
Dermographism ,,,,
Dermoid Cyst ,,,,
Desensitisation ,,,,
Desferrioxamine ,,,,
Desquamation ,,,,
scaling ,,,,
Detached Retina ,,,,
Detergent ,,,,
Detoxication ,,,,
Deviance ,,,,
Dexamethasone ,,,,
Dexamphetamine ,,,,
Dextran ,,,,
Dextrocardia ,,,,
Dextromethophan ,,,,
Dextrose ,,,,
Diabetes Insipidus ,,,,
Diabetes Mellitus ,,,,
Gestational diabetes ,,,,
Aetiology ,,,,
hypoglycemia ,,,,
Neuropathy ,,,,
Nephropathy ,,,,
lesions ,,,,
ketoacidosis ,,,,
Dialysis ,,,,
Hemodialysis ,,,,
dialysis ,,,,
Diamorphine ,,,,
HEROIN ,,,,
Diaphoresis ,,,,
Diaphragm ,,,,
Diaphysectomy ,,,,
Diaphysis ,,,,
Diarrhoea ,,,,
Diarrhea ,,,,
Diastase ,,,,
Diastasis ,,,,
Diastole ,,,,
Diastolic ,,,,
Diathermy ,,,,
Diathesis ,,,,
Diazepam ,,,,
Dicephalus ,,,,
Dichlorodiphenyl Trichloroethane,,,,
Dicrotism ,,,,
Dichlorodiphenyl ,,,,
Trichloroethane ,,,,
Didanosine ,,,,
Dieldrin ,,,,
Diencephalon ,,,,
Dienoestrol ,,,,
Diet ,,,,
Diethylcarbamazine ,,,,
PIPERAZINE ,,,,
Dietitian ,,,,
Differentiation ,,,,
Digestion ,,,,
Digoxin ,,,,
Dihydrocodeine ,,,,
Dilatation ,,,,
Curettage ,,,,
Dilator ,,,,
Diltiazem ,,,,
Diluents ,,,,
Dimenhydrinate ,,,,
Dimercaprol ,,,,
Dioctyl Sodium Sulphosuccinate ,,,,
Dioctyl,,,,
Sulphosuccinate ,,,,
Diodone ,,,,
Dioptre ,,,,
Diphenhydramine ,,,,
Diphenoxylate ,,,,
Diphtheria ,,,,
Diplegia ,,,,
Diplococcus ,,,,
Diploid ,,,,
Diplopia ,,,,
Diprosopus ,,,,
Dipsomania ,,,,
Dipygus ,,,,
Disability ,,,,
Disabled ,,,,
Disarticulation ,,,,
amputation ,,,,
Disc ,,,,
Discharge ,,,,
Discission ,,,,
Discoid Lupus Erythematosus ,,,,
Lupus Erythematosus ,,,,
Erythematosus ,,,,
LUPUS ,,,,
DLE ,,,,
Disinfectant ,,,,
Disinfectants,,,,
Disinfection ,,,,
Disinfestation ,,,,
Dislocation ,,,,
Disodium Cromoglycate ,,,,
Disopyramide ,,,,
Disorientation ,,,,
Displacement ,,,,
Dyspraxia ,,,,
APRAXIA ,,,,
Dissection ,,,,
Disseminated ,,,,
Sclerosis ,,,,
Dissociation ,,,,
Dissociative ,,,,
Distal ,,,,
Distichiasis ,,,,
Distoma ,,,,
Disulfiram ,,,,
Atrophy ,,,,
Disuse ,,,,
Dithranol ,,,,
Diuresis ,,,,
Diuretics ,,,,
Diverticular Disease ,,,,
Diverticulitis ,,,,
Diverticulosis ,,,,
Diverticulum ,,,,
Dizygotic ,,,,
Dizziness ,,,,
DMSA ,,,,
LEAD ,,,,
DNA ,,,,
DNR ,,,,
Dobutamine ,,,,
Docetaxel ,,,,
Docusate ,,,,
RABIES ,,,,
Dolichocephalic ,,,,
Donepezil ,,,,
Insemination ,,,,
Donor ,,,,
Dopa ,,,,
Dopamine ,,,,
root,,,,
Dorsum ,,,,
Dorzolamide ,,,,
Dosage ,,,,
Dothiepin ,,,,
Douche ,,,,
Double Vision ,,,,
SQUINT ,,,,
Down’s Syndrome ,,,,
Down Syndrome ,,,,
Doxorubicin ,,,,
Doxycycline ,,,,
DPT ,,,,
Vaccine ,,,,
Dracontiasis ,,,,
Dracunculiasis ,,,,
Dramamine ,,,,
Draught ,,,,
Dreams ,,,,
Dream,,,,
Drepanocytosis ,,,,
SLEEP ,,,,
Drepanocytosis ,,,,
Dressings ,,,,
Dressing,,,,
Drop Foot ,,,,
Drop Wrist ,,,,
Absorption ,,,,
Clearance ,,,,
Metabolism ,,,,
Interaction ,,,,
Drunk ,,,,
Drunkenness ,,,,
Drinking,,,,
Drink,,,,
Duchenne Muscular Dystrophy ,,,,
Duct ,,,,
Ductless ,,,,
Arteriosus ,,,,
Deferens ,,,,
Ductus ,,,,
Dumbness ,,,,
Dumping ,,,,
Duodenal ,,,,
Duodenum ,,,,
Dupuytren ,,,,
Dura Mater ,,,,
DVT ,,,,
DEEP VEIN THROMBOSIS ,,,,
Dwarfism ,,,,
Dynamometer ,,,,
Dysarthria ,,,,
Dyscalculia ,,,,
Dyschezia ,,,,
Dysdiadochokinesia ,,,,
Dysentery ,,,,
Shigellosis ,,,,
Entamoeba histolytica ,,,,
Entamoeba,,,,
histolytica ,,,,
Dysidrosis ,,,,
Dyskinesia ,,,,
Dyslexia ,,,,
Dysmenorrhoea ,,,,
Dyspareunia ,,,,
Dyspepsia ,,,,
Dysphagia ,,,,
Dysphasia ,,,,
Dysphonia ,,,,
Dysplasia ,,,,
Dyspnoea ,,,,
Dyspraxia ,,,,
Dysrhythmia ,,,,
Dystocia ,,,,
Dystonia ,,,,
Dystrophia ,,,,
Myotonica ,,,,
Dystrophy ,,,,
Dysuria ,,,,
Ear ,,,,
Tuning ,,,,
Hearing ,,,,
EARACHE ,,,,
TINNITUS ,,,,
WAX ,,,,
cerumen ,,,,
OTITIS ,,,,
OTOSCLEROSIS ,,,,
MENIÈRE’S DISEASE ,,,,
MASTOIDITIS ,,,,
Anorexia ,,,,
Bulimia ,,,,
Anorexic,,,,
Bulimic,,,,
Ebola ,,,,
Eburnation ,,,,
Ecchymosis ,,,,
ECG ,,,,
ELECTROCARDIOGRAM ,,,,
Echinococcus ,,,,
Echocardiography ,,,,
Echolalia ,,,,
Echoviruses ,,,,
Eclampsia ,,,,
Ecstasy ,,,,
ECT ,,,,
ELECTROCONVULSIVE THERAPY ,,,,
Ectasia ,,,,
Ecthyma ,,,,
Ectoderm ,,,,
Ectopic ,,,,
Ectromelia ,,,,
Ectropion ,,,,
Eczema ,,,,
Edentulous ,,,,
EDTA ,,,,
Ethylenediamine tetra-acetic ac ,,,,
EEG ,,,,
ELECTROENCEPHALOGRAPHY ,,,,
Efavirenz ,,,,
Efferent ,,,,
Effort  ,,,,
Effusion ,,,,
Egg ,,,,
Eisenmenger ,,,,
Ejaculation ,,,,
Elastic ,,,,
Electrical ,,,,
Electrocardiogram ,,,,
ECG ,,,,
Electrocardiography ,,,,
Electrocautery ,,,,
Electrocoagulation ,,,,
Electrocochleography ,,,,
ELECTROCONVULSIVE,,,,
ECT,,,,
Electroencephalography ,,,,
EEG ,,,,
Electrolysis ,,,,
Electrolytes ,,,,
Electromyography ,,,,
EMG ,,,,
Electron ,,,,
Electronic ,,,,
Electron Microscope ,,,,
Microscope ,,,,
Electro-Oculography ,,,,
Electrophoresis ,,,,
Electroretinogram ,,,,
Elephantiasis ,,,,
ELISA ,,,,
ENZYME-LINKED IMMUNOSORBENT ASSAY ,,,,
Brugia malayi ,,,,
Wuchereria bancrofti ,,,,
Elixir ,,,,
Emaciation ,,,,
Embalming ,,,,
Embolectomy ,,,,
Embolism ,,,,
Embolus ,,,,
Embrocations ,,,,
Embryo ,,,,
Embryology ,,,,
Emesis ,,,,
Emergency ,,,,
Emetics ,,,,
Emetine ,,,,
EMG ,,,,
EMG ,,,,
Emission ,,,,
EMLA ,,,,
Emmetropia ,,,,
Emollients ,,,,
Emollient,,,,
Emotion ,,,,
Empathy ,,,,
Emphysema ,,,,
Empirical ,,,,
Empyema ,,,,
Emulsions ,,,,
Enamel ,,,,
Encephalin ,,,,
Encephalitis ,,,,
Encephaloid ,,,,
Encephalomyelitis ,,,,
Encephalopathy ,,,,
Enchondroma ,,,,
Encysted ,,,,
Endarterectomy ,,,,
Endarteritis ,,,,
Endemic ,,,,
Endocarditis ,,,,
Endocardium ,,,,
Endocrine Glands ,,,,
Adrenal gland ,,,,
Adrenal glands ,,,,
Ovaries ,,,,
Ovary,,,,
Ovarian,,,,
testicles ,,,,
testicular,,,,
testes,,,,
Oestradiol ,,,,
progesterone ,,,,
TESTOSTERONE ,,,,
Pancreas ,,,,
Parathyroid ,,,,
Pituitary ,,,,
Thyroid ,,,,
Endocrinology ,,,,
Endoderm ,,,,
Endogenous ,,,,
Endolymph ,,,,
Endometriosis ,,,,
Endometritis ,,,,
Endometrium ,,,,
Endorphins ,,,,
Endoscope ,,,,
ERCP ,,,,
Endoscopic Retrograde Cholangiopancreatography,,,,
Endoscopy ,,,,
Endothelium ,,,,
Endotoxin ,,,,
Endotracheal Intubation ,,,,
Enema ,,,,
Enflurane ,,,,
Engagement ,,,,
Enkephalins ,,,,
Enophthalmos ,,,,
Entamoeba ,,,,
Enteral ,,,,
Enteralgia ,,,,
Enteric ,,,,
Enteritis ,,,,
Enterobiasis ,,,,
Enterocele ,,,,
Enterogastrone ,,,,
Enterokinase ,,,,
Enteroptosis ,,,,
Enterostomy ,,,,
Enterotoxin ,,,,
Enterovirus ,,,,
Entonox ,,,,
Entropion ,,,,
Enuresis ,,,,
Enzyme-Linked Immunosorbent Assay,,,,
ELISA ,,,,
Enzyme ,,,,
Eosinophil ,,,,
Eosinophilia ,,,,
Ephedrine ,,,,
Ephelides ,,,,
Ephelis ,,,,
Epicanthic ,,,,
Epicondyle ,,,,
Epidemic ,,,,
Epidemiology ,,,,
Epidermis ,,,,
Epidermophyton ,,,,
Epididymis ,,,,
Anaesthesia ,,,,
Epidural ,,,,
Epigastrium ,,,,
Epigenetics ,,,,
Epiglottis ,,,,
Epiglottitis ,,,,
Epignathus ,,,,
Epilation ,,,,
Epilepsy ,,,,
seizure ,,,,
Jacksonian,,,,
"temporal
lobe epilepsy",,,,
petit mal ,,,,
Epiloia ,,,,
Epiphora ,,,,
Epiphysis ,,,,
Epiphysitis ,,,,
Epirubicin ,,,,
Episclera ,,,,
Episiotomy ,,,,
Epispadias ,,,,
Epistasis ,,,,
Epistaxis ,,,,
Epithelioma ,,,,
Epithelium ,,,,
Epizoötic ,,,,
Eponym ,,,,
Epsom ,,,,
Epstein Barr ,,,,
EBV,,,,
Eptifibitide ,,,,
Epulis ,,,,
Erb’s Paralysis ,,,,
ERCP ,,,,
Erection ,,,,
Ergocalciferol ,,,,
Ergometrine ,,,,
Ergonomics ,,,,
Ergosterol ,,,,
Ergot ,,,,
ergotism ,,,,
Ergotamine ,,,,
Erogenous ,,,,
Erosion ,,,,
Eroticism ,,,,
Eructation ,,,,
Erysipelas ,,,,
Erythema ,,,,
pernio ,,,,
nodosum ,,,,
multiforme ,,,,
infectiosum ,,,,
Erythrasma ,,,,
Erythroblastosis Fetalis ,,,,
Erythroblast ,,,,
Erythroblasts,,,,
Erythrocyte ,,,,
Erythrocytes,,,,
Sedimentation Rate ,,,,
ESR ,,,,
Erythroderma ,,,,
Erythromelalgia ,,,,
Erythromycin ,,,,
Erythropoeisis ,,,,
Erythropoietin ,,,,
Eschar ,,,,
Escherichia ,,,,
Eserine ,,,,
PHYSOSTIGMINE ,,,,
Esmarch ,,,,
ESP ,,,,
EXTRASENSORY PERCEPTION ,,,,
Hypertension ,,,,
Ester ,,,,
Essential,,,,
Ethambutol ,,,,
Ethacrynic Acid ,,,,
Ethanol ,,,,
Ether ,,,,
Etherified ,,,,
Starch ,,,,
Ethics ,,,,
Ethinylestradiol ,,,,
Ethmoid ,,,,
Ethosuximide ,,,,
Ethyl ,,,,
Ethylene ,,,,
Ethyloestrenol ,,,,
Etidronate ,,,,
Etiology ,,,,
Etomidate ,,,,
Eucalyptus ,,,,
Eugenics ,,,,
Eukaryote ,,,,
Eunuch ,,,,
Euphoria ,,,,
Euphoriant ,,,,
Eustachian ,,,,
Euthanasia ,,,,
Euthyroid ,,,,
Evacuant ,,,,
Evacuator ,,,,
Evaluation ,,,,
Evidence ,,,,
Evisceration ,,,,
Evolution ,,,,
Ewing ,,,,
Sarcoma ,,,,
Exanthem ,,,,
Exchange ,,,,
Transfusion ,,,,
Excimer ,,,,
Laser ,,,,
Excipient ,,,,
Excision ,,,,
Excitation ,,,,
Excitement ,,,,
Excoriation ,,,,
Excreta ,,,,
Excretion ,,,,
Exercise ,,,,
Exfoliation ,,,,
Exhalation ,,,,
Exhibitionism ,,,,
Exocrine ,,,,
Exogenous ,,,,
Exomphalos ,,,,
Exophthalmometer ,,,,
Exophthalmos ,,,,
Exopththalmic Goitre ,,,,
Exostosis ,,,,
Exotoxin ,,,,
Expectant ,,,,
Expectorants ,,,,
Expectoration ,,,,
Expiration ,,,,
Exploration ,,,,
Exposure ,,,,
Exsanguinate ,,,,
Extension ,,,,
Exteriorisation ,,,,
Extinction ,,,,
Extirpation ,,,,
Extracellular ,,,,
Extracts ,,,,
Extradural ,,,,
Extrapyramidal ,,,,
Extrasystole ,,,,
Extrauterine ,,,,
Extravasation ,,,,
Extrinsic ,,,,
Extrovert ,,,,
Exudation ,,,,
Eye ,,,,
Eyeball ,,,,
Chalazion ,,,,
Conjunctivitis ,,,,
Dacryocystitis ,,,,
Ectropion ,,,,
Entropion ,,,,
Keratitis ,,,,
Episcleritis ,,,,
Nystagmus ,,,,
Ophthalmia ,,,,
Pinguecula ,,,,
Pterygium ,,,,
Ptosis ,,,,
HYPERMETROPIA ,,,,
MYOPIA ,,,,
ASTIGMATISM ,,,,
MACULAR ,,,,
PIGMENTOSA ,,,,
Scleritis ,,,,
conjunctiva ,,,,
Trichiasis ,,,,
Corneal abrasion ,,,,
Facies ,,,,
Urticaria ,,,,
Face Lift ,,,,
Urticaria ,,,,
Factitious ,,,,
Fainting ,,,,
Arches ,,,,
Fallopian ,,,,
Tetralogy ,,,,
REPRESSED ,,,,
MEMORY ,,,,
Familial ,,,,
Famotidine ,,,,
Fansidar ,,,,
Fascia ,,,,
Fasciitis ,,,,
Fascioliasis ,,,,
Fasciotomy ,,,,
Fasting ,,,,
Fat,,,,
Fatigue,,,,
Fat Necrosis,,,,
Fatty Degeneration,,,,
Fauces,,,,
Favism,,,,
Favus,,,,
Fear,,,,
Febrile,,,,
Febrile Convulsion,,,,
Feedback Mechanism,,,,
Female Genital Mutilation (FGM),,,,
Feminisation,,,,
Femoral,,,,
l. Femur,,,,
Fertilisation,,,,
Fertility Rate,,,,
Fester,,,,
Festination,,,,
Fetal Alcohol Syndrome,,,,
Fetal Blood Sampling,,,,
Fetal Transplant,,,,
Fetishism,,,,
Fetoscopy,,,,
Fetus,,,,
Fever,,,,
"Fibre, Dietary",,,,
Fibreoptic Endoscopy,,,,
Fibrillation,,,,
Fibrin,,,,
Fibrinogen,,,,
Fibrinolysis,,,,
Fibrinolytic Drugs,,,,
Fibroadenoma,,,,
Fibroblasts,,,,
Fibrocystic Disease of the Pancreas,,,,
Fibroid,,,,
Fibroma,,,,
Fibromyalgia Syndrome,,,,
Fibrosarcoma,,,,
Fissure,,,,
First Aid,,,,
Fingerprint,,,,
Finasteride,,,,
Filling,,,,
Filaricide,,,,
Filariasis,,,,
Fibula,,,,
Fibrous Tissue,,,,
Fibrous Dysplasia,,,,
Fibrositis,,,,
Fibrosis,,,,
Fibrosing Alveolitis,,,,
Fibrosarcoma,,,,
Fistula,,,,
Fit,,,,
Fitness,,,,
5-Hydroxytryptamine,,,,
Flaccid,,,,
Flail Chest,,,,
Flap,,,,
Flat-Foot,,,,
Flatulence,,,,
Flatus,,,,
Flavine,,,,
Flexion,,,,
Flexor,,,,
Flexure,,,,
Floaters,,,,
Flooding,,,,
Flu,,,,
Flucloxacillin,,,,
Fluconazole,,,,
Fluctuation,,,,
Flucytosine,,,,
Fluid Balance,,,,
Flukes,,,,
Follicle-Stimulating Hormone,,,,
Follicular Hormone,,,,
Fomentation,,,,
Fomites,,,,
Fontanelle,,,,
Food,,,,
Food Intolerance,,,,
Food Poisoning,,,,
Food Standards Agency,,,,
Foramen,,,,
Forced Diuresis,,,,
Forced Feeding,,,,
Forceps,,,,
Forensic Medicine,,,,
Foreskin,,,,
Formaldehyde,,,,
Formestane,,,,
Formulary,,,,
Fossa,,,,
Fovea,,,,
Fractures,,,,
Fraenum,,,,
Framycetin,,,,
Freckles,,,,
Free Association,,,,
Fremitus,,,,
Frenum,,,,
Frequency,,,,
Freudian Theory,,,,
Friction,,,,
Friedreich’s Ataxia,,,,
Frigidity,,,,
Fringe Medicine,,,,
Fröhlich’s Syndrome,,,,
Frontal,,,,
Frontal Bone,,,,
Frontal Lobe,,,,
Frontal Sinus,,,,
Frostbite,,,,
Frozen Shoulder,,,,
Fructose,,,,
Frusemide,,,,
Fumigation,,,,
Functional Diseases,,,,
Fundus,,,,
Fungal and Yeast Infections,,,,
Fungus,,,,
Fungus Poisoning,,,,
Furuncle,,,,
Fusidic Acid,,,,
Fusobacterium,,,,
GABA,,,,
Gag,,,,
Gag Reflex,,,,
Gait,,,,
Galactocele,,,,
Galactorrhoea,,,,
Galactosaemia,,,,
Galactose,,,,
Gall,,,,
Gall-Bladder,,,,
"Gall-Bladder, Diseases of",,,,
Gall-Stones,,,,
Gamete,,,,
Gamete Intrafallopian Transfer (GIFT),,,,
Gamma Aminobutyric Acid,,,,
Gamma Benzene Hexachloride,,,,
Gamma-Globulin,,,,
Gamma Rays,,,,
Gammexane,,,,
Ganciclovir,,,,
Ganglion,,,,
,,,,
Gargles,,,,
Gargoylism,,,,
Gas,,,,
Gas Gangrene,,,,
Gastrectomy,,,,
Gastric,,,,
Gastric Lavage,,,,
Gastric Ulcer,,,,
Gastrin,,,,
Gastritis,,,,
Gastrocnemius,,,,
Gastroduodenostomy,,,,
Gastroenteritis,,,,
Gastroenterostomy,,,,
Gastrointestinal Tract,,,,
Gastro-Oesophageal Reflux,,,,
Gastroscope,,,,
Gastrostomy,,,,
Gaucher’s Disease,,,,
Gel,,,,
Gelatin,,,,
Gemeprost,,,,
Gender Identity Disorders,,,,
General Dental Council,,,,
General Dental Services,,,,
General Medical Council (GMC),,,,
General Optical Council,,,,
General Paralysis of the Insane,,,,
General Practitioner (GP),,,,
Generic Drug,,,,
Genes,,,,
Genetic Code,,,,
Gene Testing,,,,
Gene Therapy,,,,
Genetic Counselling,,,,
Genetic Disorders,,,,
Genetic Engineering,,,,
Genetic Fingerprinting,,,,
Genetics,,,,
Genetic Screening,,,,
Genital Herpes,,,,
Genitalia,,,,
Genito-Urinary Medicine,,,,
Genito-Urinary Tract,,,,
Genome,,,,
Genotype,,,,
Gentamicin,,,,
Genu Varum,,,,
Geriatrics,,,,
German Measles,,,,
Germ Cell,,,,
Germ Layer,,,,
Germs,,,,
Gerontology,,,,
Gestaltism,,,,
Gestation,,,,
GFR,,,,
Giardiasis,,,,
Giddiness,,,,
GIFT,,,,
Gigantism,,,,
Gilles De La Tourette’s Syndrome,,,,
Gingivitis,,,,
Gland,,,,
Glandular Fever,,,,
Glans,,,,
Glasgow Coma Scale,,,,
Glaucoma,,,,
Glenoid,,,,
Glia,,,,
Glibenclamide,,,,
Glutamate,,,,
Glue Sniffing,,,,
Glue Ear,,,,
Glucoside,,,,
Glucose Tolerance Test,,,,
Glucose-6-Phosphate Dehydrogenase,,,,
Glucose,,,,
Gluconeogenesis,,,,
Glucocorticoids,,,,
Glucagon,,,,
Glottis,,,,
Glossopharyngeal,,,,
Glossitis,,,,
Glomerulus,,,,
Glomerulonephritis,,,,
Glomerulitis,,,,
Glomerular Filtration Rate (GFR),,,,
Globus,,,,
Globulin,,,,
Globin,,,,
Gliquidone,,,,
Glipizide,,,,
Glioma,,,,
Gliobastoma,,,,
Glutaminase,,,,
Gluteal,,,,
Gluten,,,,
Gluteus,,,,
Glyceryl Trinitrate,,,,
Glyco,,,,
Glycogen,,,,
Glycoproteins,,,,
Glycoside,,,,
Glycosylated Haemoglobin (HbA1),,,,
Glycosuria,,,,
Goblet Cell,,,,
Goitre,,,,
Gold Salts,,,,
Golfer’s Elbow,,,,
Gonad,,,,
Gonadorelin,,,,
Gonadotrophins,,,,
Gonococci,,,,
Gonorrhoea,,,,
GP,,,,
Graft,,,,
Graft Versus Host Disease (GVHD),,,,
Gram,,,,
Gram-Positive/Negative,,,,
Gram’s Stain,,,,
Grand Mal,,,,
Granisetron,,,,
Granulations,,,,
Granulocytes,,,,
Granuloma,,,,
Gravel,,,,
Graves’ Disease,,,,
Gravid,,,,
Greenstick Fracture,,,,
Grey Matter,,,,
Griseofulvin,,,,
Groin,,,,
Grommet,,,,
Group Therapy,,,,
Growing Pains,,,,
Growth,,,,
Growth Hormone,,,,
Guillain-Barré Syndrome,,,,
,,,,
Gulf War Syndrome,,,,
Gullet,,,,
Gum,,,,
Gumboil,,,,
Gumma,,,,
"Gums, Diseases of",,,,
GVHD,,,,
Gynaecology,,,,
Gynaecomastia,,,,
Gypsum,,,,
Gyrus,,,,
H2 Receptor Antagonists,,,,
Habit,,,,
Habituation,,,,
Haem,,,,
Haemangioma,,,,
Haemarthrosis,,,,
Haematemesis,,,,
Haematinic,,,,
Haematocoele,,,,
Haematocolpos,,,,
Haematocrit,,,,
Haematogenous,,,,
Haematologist,,,,
Haematology,,,,
Haematoma,,,,
Haematuria,,,,
Haemic Murmur,,,,
Haemochromatosis,,,,
Haemodialysis,,,,
Haemofiltration,,,,
Haemoglobin,,,,
Haemoglobinopathies,,,,
Haemoglobinuria,,,,
Haemolysis,,,,
Haemolytic Disease of the Newborn,,,,
Haemolytic Uraemic Syndrome,,,,
Haemopericardium,,,,
Haemophilia,,,,
Haemophilus,,,,
Haemopoiesis,,,,
Haemopoeitic Stem Cell,,,,
Haemoptysis,,,,
Haemorrhage,,,,
Haemorrhoids,,,,
Haemosiderosis,,,,
Haemostasis,,,,
Haemostatics,,,,
Haemothorax,,,,
"Hair, Removal of",,,,
Hair,,,,
Half Life,,,,
Halitosis,,,,
Hallucinations,,,,
Hallucinogens,,,,
Hallux,,,,
Hallux Rigidus,,,,
Hallux Valgus,,,,
Halo,,,,
Haloperidol,,,,
Halothane,,,,
Halothane Hepatitis,,,,
Hamartoma,,,,
Hamate,,,,
Hammer-Toe,,,,
Hamstrings,,,,
Hand,,,,
"Hand, Foot and Mouth Disease",,,,
Handicap,,,,
Hanging,,,,
Hang-Nail,,,,
Hansen’s Disease,,,,
Hantavirus,,,,
Haploid,,,,
Hapten,,,,
Hard Water,,,,
Hare-Lip,,,,
Hartmann’s Solution,,,,
Hashimoto’s Disease,,,,
Haversian Canals,,,,
Hay Fever,,,,
Head,,,,
Headache,,,,
Heaf Test,,,,
Healing,,,,
Health,,,,
Head Injury,,,,
Health and Safety Executive (HSE),,,,
Health-Care Priorities,,,,
Health Centre,,,,
Health Databases,,,,
Health Education,,,,
Health Impact Assessment,,,,
Health Promotion,,,,
Health Service Commissioner,,,,
Health Service Management,,,,
Health Visitors,,,,
Hearing,,,,
Hearing Aids,,,,
Heart,,,,
"Heart, Artificial",,,,
"Heart, Diseases of",,,,
Heart-Lung Machine,,,,
Heart-Lung Transplant,,,,
Heart Surgery,,,,
Heartburn,,,,
Heat Cramps,,,,
Hepatectomy,,,,
Hepatic Encephalopathy,,,,
Hepatitis,,,,
Hepatocyte,,,,
Hepatolenticular Degeneration,,,,
Hepatoma,,,,
Hepatomegaly,,,,
Hepolenticular Degeneration,,,,
Herbal Medicine,,,,
Herceptin,,,,
Heredity,,,,
Hermaphrodite,,,,
Hernia,,,,
Hernioplasty,,,,
Herniorraphy,,,,
Herniotomy,,,,
Heroin,,,,
Herpangina,,,,
Herpes Genitalis,,,,
Herpes Simplex,,,,
Herpes Viruses,,,,
Herpes Zoster,,,,
Hyaluronidase,,,,
Hydatid,,,,
Hydatidiform Mole,,,,
Hydradenitis Suppurativa,,,,
Hydrallazine,,,,
Hydramnios,,,,
Hydrocarbamide,,,,
Hydrocephalus,,,,
Hydrochloric Acid,,,,
Hydrochlorothiazide,,,,
Hydrocoele,,,,
Hydrocortisone,,,,
Hydrogen Peroxide,,,,
Hydromorphone Hydrochloride,,,,
Hydronephrosis,,,,
Hydrophobia,,,,
Hydrops Fetalis,,,,
Hydrotherapy,,,,
Hydrothorax,,,,
Hydroxocobalamin,,,,
Hygiene,,,,
Hymen,,,,
Hyoscine,,,,
Hyper,,,,
Hyperactivity,,,,
Hyperacusis,,,,
Hyperaemia,,,,
Hyperaesthesia,,,,
Hyperalgesia,,,,
Hyperbaric,,,,
Hypercalcaemia,,,,
Hypercalciuria,,,,
Hypercapnia,,,,
Hyperchlorhydria,,,,
Hypercholesterolaemia S,,,,
Hyperemesis Gravidarum,,,,
Hyperglycaemia,,,,
Hyperhidrosis,,,,
Hyperkalaemia,,,,
Hyperkeratosis,,,,
Hyperkinetic Syndrome,,,,
Hyperlipidaemia,,,,
Hypermetropia,,,,
Hypernatraemia,,,,
Hypernephroma,,,,
Hyperparathyroidism,,,,
Hyperpituitarism,,,,
Hyperplasia,,,,
Hyperprolactinaemia,,,,
Hyperpyrexia,,,,
Hypersensitivity,,,,
Hypertension,,,,
Hypertensive Encephalopathy,,,,
Hyperthermia,,,,
Hyperthyroidism,,,,
Hypertonic,,,,
Hypertrophy,,,,
Hyperventilation,,,,
Hypervolaemia,,,,
Hypnotics,,,,
Hypnotism,,,,
Hypo,,,,
Hypocalcaemia,,,,
Hypocapnia,,,,
Hypochlorhydria,,,,
Hypochondriasis,,,,
Hypodermic,,,,
Hypogammaglobulinaemia,,,,
Hypogastric,,,,
Hypoglossal Nerve,,,,
Hypoglycaemia,,,,
Hypoglycaemic Agents,,,,
Hypoxaemia,,,,
Hypoxia,,,,
Hysterectomy,,,,
Hysteria,,,,
Hysteroscopy,,,,
Hysterotomy,,,,
Iatric,,,,
Iatrogenic Disease,,,,
IBD,,,,
IBS,,,,
Ibuprofen,,,,
ICD,,,,
Ichthammol,,,,
Ichthyosis,,,,
Icterus,,,,
Ictus,,,,
Identical Twins,,,,
Idiopathic,,,,
Idiopathic Facial Nerve Palsy,,,,
Idiopathic Thrombocytopenic Purpura (ITP),,,,
Idiosyncrasy,,,,
Idoxuridine,,,,
Ifosfamide,,,,
Ileitis,,,,
Ileo-Caecal,,,,
Ileostomy,,,,
Ileum,,,,
Ileus,,,,
Ilium,,,,
Illusions,,,,
Imidazoles,,,,
Imipramine,,,,
Immersion Foot,,,,
Immune System,,,,
Immunisation,,,,
Immunity,,,,
Immunoassay,,,,
Immunodeficiency,,,,
Immunogenicity,,,,
Immunoglobulins,,,,
Immunologist,,,,
Immunology,,,,
Immunosuppressant,,,,
Immunosuppression,,,,
Immunotherapy,,,,
Impaction,,,,
Imperforate,,,,
Impetigo,,,,
Implantation,,,,
Impotence,,,,
Impression,,,,
Imprinting,,,,
IMR,,,,
Inanition,,,,
Inbreeding,,,,
Incidence,,,,
Incision,,,,
Incisor,,,,
Inclusion Bodies,,,,
Incompatibility,,,,
Incompetence,,,,
Incontinence,,,,
Incoordination,,,,
Incubation,,,,
Index Finger,,,,
Indigestion,,,,
Indinavir,,,,
Indispensable Amino Acids,,,,
Indometacin,,,,
Indoramin,,,,
Induction,,,,
Induration,,,,
Industrial Diseases,,,,
Industrial Injuries Benefit,,,,
Infant,,,,
Infant Feeding,,,,
Infantile Paralysis,,,,
Infantile Spasms,,,,
Infantilism,,,,
Infant Mortality Rate (IMR),,,,
Infarction,,,,
Infection,,,,
Infectious Mononucleosis,,,,
Infertility,,,,
Infestation,,,,
Infibulation,,,,
Infiltration,,,,
Inflammation,,,,
Inflammatory Bowel Disease (IBD),,,,
Infliximab,,,,
Influenza,,,,
Information Technology in Medicine,,,,
Informed Consent,,,,
Infrared Radiation,,,,
Infundibulum A funnel-shaped pass,,,,
Infusion,,,,
Ingestion,,,,
Ingrowing Toenail,,,,
Inguinal Hernia,,,,
Inguinal Region,,,,
Inhalants,,,,
Inhalation,,,,
Inhaler,,,,
Inheritance,,,,
Inhibition,,,,
Injections,,,,
Inner Ear,,,,
Innervation,,,,
Inoculation,,,,
Inositol,,,,
Inotropic,,,,
Inpatient,,,,
Inquest,,,,
Insanity,,,,
Insecticides,,,,
Insemination,,,,
Insight,,,,
Insomnia,,,,
Inspissation,,,,
Insulinase,,,,
Insulinoma,,,,
Integument,,,,
Intelligence Quotient (IQ),,,,
Intelligence Test,,,,
Intensive Care Medicine,,,,
Intensive Therapy Unit (ITU),,,,
Intercostal,,,,
Interferon,,,,
Interleukins,,,,
Intermittent,,,,
Intermittent Claudication,,,,
Intermittent Self-Catheterisation,,,,
Intern,,,,
International Classification of Disease (ICD),,,,
Internode,,,,
Intersexuality,,,,
Interstitial,,,,
Interstitial Cells,,,,
Intertrigo,,,,
Interventional Radiology,,,,
Intervention Study,,,,
Intervertebral Disc,,,,
Intestine,,,,
"Intestine, Diseases of",,,,
Intima,,,,
Intolerance,,,,
Intoxication,,,,
Intra,,,,
Intracoronary Artery Stenting,,,,
Intracranial,,,,
Intracranial Pressure,,,,
Intracytoplasmic Sperm Injection,,,,
Intrathecal,,,,
Intrauterine Contraceptive Device (IUCD),,,,
Intrauterine Insemination,,,,
Intravenous,,,,
Intravenous Pyelogram (Urogram),,,,
Intrinsic Factor,,,,
Intromission,,,,
Introspection,,,,
Introversion,,,,
Introvert,,,,
Intubation,,,,
Intuition,,,,
Intussusception,,,,
In Utero,,,,
Invasion,,,,
Ischaemic Stroke,,,,
Ischiorectal Abscess,,,,
Ischium,,,,
Ishihara’s Test,,,,
Islets of Langerhans,,,,
Iso-Immunisation,,,,
Isolation,,,,
Isoleucine,,,,
Isometric,,,,
Isoniazid,,,,
Isotonic,,,,
Isotope,,,,
Itch,,,,
Itching,,,,
-itis,,,,
ITP,,,,
Itraconazole,,,,
IUCD (IUD),,,,
IUS,,,,
IVF,,,,
Ivory,,,,
Jacksonian Epilepsy,,,,
Jaundice,,,,
Jaw,,,,
Lactation,,,,
Lacteal,,,,
Lactic Acid,,,,
Lactobacillus,,,,
Lactose,,,,
Lactose Intolerance,,,,
Lactulose,,,,
Lacuna,,,,
Lamblia,,,,
Lamella,,,,
Laminectomy,,,,
Lamotrigine,,,,
Lanolin,,,,
Lansoprazole,,,,
Lanugo,,,,
Laparoscope,,,,
Laparoscopy,,,,
Laparotomy,,,,
Larva,,,,
Larva Migrans,,,,
Laryngeal Mask,,,,
Laryngeal Reflex,,,,
Laryngectomy,,,,
Laryngitis,,,,
Laryngology,,,,
Laryngoscope,,,,
Laryngo-Tracheo-Bronchitis,,,,
Larynx,,,,
"Larynx, Disorders of",,,,
Laser,,,,
Lasik,,,,
Lassa Fever,,,,
Lassitude,,,,
Latanoprost,,,,
Lateral,,,,
Latissimus Dorsi,,,,
Laughing Gas,,,,
Lavage,,,,
Laxatives,,,,
Lead Poisoning,,,,
Learning Disability,,,,
Leber’s Disease,,,,
Lecithin,,,,
Leeches,,,,
Left to Right Shunt,,,,
Legionnaire’s Disease,,,,
Leiomyoma,,,,
Litigation,,,,
Litmus,,,,
Litre,,,,
Liver,,,,
"Liver, Diseases of",,,,
Liver Fluke,,,,
Liver Spots,,,,
Living Will,,,,
Loa,,,,
Lobe,,,,
Lobectomy,,,,
Lobotomy,,,,
Local Anaesthesia,,,,
Lochia,,,,
Locked-In Syndrome,,,,
Lockjaw,,,,
Locomotor Ataxia,,,,
Locum Tenens,,,,
Lofexidine,,,,
Logorrhoea,,,,
Loiasis,,,,
Litholapaxy,,,,
Lithotomy,,,,
Lithotripsy,,,,
Loin,,,,
Long-Sight,,,,
Loop Diuretics,,,,
Loperamide,,,,
Lorazepam,,,,
Lordosis,,,,
Lotions,,,,
Louse,,,,
Lozenges,,,,
LSD,,,,
Lucid Interval,,,,
Ludwig’s Angina,,,,
Lugol’s Solution,,,,
Lumbago,,,,
Lumbar,,,,
Lumbar Puncture,,,,
Lumbar Sympathectomy,,,,
Lumbar Vertebra,,,,
Lumen,,,,
Lumpectomy,,,,
Lung Volumes,,,,
Lungs,,,,
"Lungs, Diseases of",,,,
Luteinising Hormone,,,,
Luteinising Hormone-Releasing Hormone (LHRH),,,,
Lux,,,,
Luxation,,,,
Lycanthropy,,,,
Lying-In,,,,
Lupus,,,,
Lyme Disease,,,,
Lymph,,,,
Lymphadenectomy,,,,
Lymphadenitis,,,,
Lymphadenoma,,,,
Lymphadenopathy,,,,
Lymphangiectasis,,,,
Lymphangiography,,,,
Lymphangioma,,,,
Lymphangitis,,,,
Lymphatics,,,,
Lymph Nodes,,,,
Lymphocyte,,,,
Lymphocytosis,,,,
Lymphoedema,,,,
Lymphogranuloma Inguinale,,,,
Lymphoid Tissue,,,,
Lymphokines,,,,
Malaise,,,,
Malar,,,,
Malaria,,,,
Malathion,,,,
Maldescended Testis,,,,
Malformation,,,,
Malignant,,,,
Malignant Hyperpyrexia,,,,
Malignant Hypertension,,,,
Malignant Hyperthermia,,,,
Malignant Melanoma,,,,
Malingering,,,,
Malleolus,,,,
Mallet Finger,,,,
Mallet Toe,,,,
Malleus,,,,
Malnutrition,,,,
Malpractice,,,,
Malpresentation,,,,
Malta Fever,,,,
Mammary Gland,,,,
Mammography,,,,
Mammoplasty,,,,
Malacia,,,,
Managed Health Care,,,,
Mandelic Acid,,,,
Mandible,,,,
Mania,,,,
Manic Depression,,,,
Manipulation,,,,
Mannitol,,,,
Manometer,,,,
Manubrium,,,,
MAOIs,,,,
Marburg Disease,,,,
March Fracture,,,,
March Haemoglobinuria,,,,
Marijuana,,,,
Marriage Guidance,,,,
Marrow,,,,
Marsh Fever,,,,
Mask,,,,
Masochism,,,,
Massage,,,,
Masseter,,,,
Mass Hysteria,,,,
Mastalgia,,,,
Mast Cells,,,,
Mastectomy,,,,
Mastication,,,,
Mastitis,,,,
Mastocytosis,,,,
Mastoid Process,,,,
Masturbation,,,,
Maxilla,,,,
ME,,,,
Medicines Control Agency,,,,
Medicolegal,,,,
Medline,,,,
Medroxyprogesterone,,,,
Medulla,,,,
Medulla Oblongata,,,,
Mefenamic Acid,,,,
Medial Tibial Syndrome,,,,
Median,,,,
Mediastinum,,,,
Medicaid,,,,
Medical Audit,,,,
Medical Defence Organisations,,,,
Medical Devices Agency,,,,
Medical Education,,,,
Medical Informatics,,,,
Medical Litigation,,,,
Medical Record,,,,
Medical Research Council,,,,
Medicare,,,,
Medicated,,,,
Medicine,,,,
Medicine of Ageing,,,,
Medicines,,,,
Medicines Control Agency,,,,
Medicolegal,,,,
Medline,,,,
Medroxyprogesterone,,,,
Medulla,,,,
Medulla Oblongata,,,,
Mefenamic Acid,,,,
Megacolon,,,,
Megalomania,,,,
Mega-/Megalo,,,,
Meibomian Glands,,,,
Meiosis,,,,
Melaena,,,,
Melancholia,,,,
Melanin,,,,
Melanocyte,,,,
Melanoma,,,,
Melatonin,,,,
Melphalan,,,,
Membranes,,,,
Memory,,,,
Menarche,,,,
Mendelson Syndrome,,,,
Menière’s Disease,,,,
Meninges,,,,
Meningism,,,,
Meningitis,,,,
Meningocele,,,,
Meningococcus,,,,
Meningoencephalitis,,,,
Meningomyelocele,,,,
Meniscus,,,,
Menopause,,,,
Menorrhagia,,,,
Menstruation,,,,
Mental Handicap,,,,
Mental Illness,,,,
Mepacrine Hydrochloride,,,,
Meralgia Paraesthetica,,,,
Mercaptopurine,,,,
Mesalazine,,,,
Mescaline,,,,
Mesencephalon,,,,
Mesentery,,,,
Mesmerism,,,,
Mesocolon,,,,
Mesoderm,,,,
Mesothelioma,,,,
Meta-Analysis,,,,
Metabolic Disorders,,,,
Metabolism,,,,
Metabolites,,,,
Metacarpal Bones,,,,
Metamyelocyte,,,,
Metaphysis,,,,
Metaplasia,,,,
Metastasis,,,,
Metastatic,,,,
Metatarsal Bones,,,,
Metatarsalgia,,,,
Metatarsus,,,,
Meteorism,,,,
Metformin,,,,
Methadone Hydrochloride,,,,
Methaemoglobin,,,,
Methaemoglobinaemia,,,,
Methane,,,,
Methanol,,,,
Methicillin-Resistant Staphylococcus Aureus (MRSA),,,,
Methionine,,,,
Methotrexate,,,,
Methyl,,,,
Methylcellulose,,,,
Methyldopa,,,,
Methylene Blue,,,,
Methylphenidate,,,,
Methylprednisolone,,,,
Methyl Salicylate,,,,
Methysergide,,,,
Metoclopramide,,,,
Metolazone,,,,
Metoprolol,,,,
Metre,,,,
Metritis,,,,
Metronidazole,,,,
Metropathia Haemorrhagica,,,,
Metrorrhagia,,,,
Metyrapone,,,,
Microangiopathy,,,,
Microbe,,,,
Microbicides,,,,
Microbiology,,,,
Microcephaly,,,,
Micrococcus,,,,
Microcyte,,,,
Microdissection,,,,
Microgram,,,,
Micrometre,,,,
Micro-Organism,,,,
Micropsia,,,,
Microscope,,,,
Microsporum,,,,
Microsurgery,,,,
Microtome,,,,
Microwaves,,,,
Micturition,,,,
Middle Ear,,,,
Midges,,,,
Mid-Life Crisis,,,,
Midwife,,,,
Midwifery,,,,
Migraine,,,,
Milia,,,,
Miliaria,,,,
Miliary,,,,
Milium,,,,
Milk,,,,
Milk Teeth,,,,
Millilitre,,,,
Mind,,,,
Mineralcorticoid,,,,
Minimum Lethal Dose (MLD),,,,
Minimally Invasive Surgery (MIS),,,,
Minocycline,,,,
Minoxidil,,,,
Miosis,,,,
Miscarriage,,,,
Misoprostol,,,,
Misuse of Drugs,,,,
Mites,,,,
Mitochondria,,,,
Mitosis,,,,
Mitral Incompetence,,,,
Mitral Stenosis,,,,
Mitral Valve,,,,
MLD,,,,
MMR Vaccine,,,,
MND,,,,
Moclobemide,,,,
Mode,,,,
Molar Teeth,,,,
Mole,,,,
Molecular Biology,,,,
Molecule,,,,
Molluscum Contagiosum,,,,
Mongolian Blue Spots,,,,
Mongolism,,,,
Moniliasis,,,,
Monoamine Oxidase Inhibitors (MAOIs),,,,
Monoclonal Antibody Drugs,,,,
Monocyte,,,,
Monomania,,,,
Mononucleosis,,,,
Monoplegia,,,,
Monorchism,,,,
Monosaccharide,,,,
Monospot,,,,
Monozygotic Twins,,,,
Morbid Anatomy,,,,
Morbidity,,,,
Morbilli,,,,
Morbus,,,,
Morning-After Pill,,,,
Moro Reflex,,,,
Morphine,,,,
Morphoea,,,,
Mortality,,,,
Mosaicism,,,,
Mosquitoes,,,,
Motilin,,,,
Motion,,,,
Motion (Travel) Sickness,,,,
Motor,,,,
Motor Neurone Disease (MND),,,,
Mountain Sickness,,,,
"Mouth, Diseases of",,,,
Mouth-To-Mouth Respiration,,,,
MRI,,,,
MRSA,,,,
Mucilage,,,,
Mucocoele,,,,
Mucocutaneous Lymph Node Syndrome,,,,
Mucolytic,,,,
Mucopolysaccarhidosis,,,,
Mucosa,,,,
Mucous Membrane,,,,
Mucoviscidosis,,,,
Mucus,,,,
Mullerian Ducts,,,,
Multigravida,,,,
Multipara,,,,
Multiple Births,,,,
Multiple Personality Disorder,,,,
Multiple Sclerosis (MS),,,,
Mumps,,,,
Munchausen’s Syndrome,,,,
Murmur,,,,
Muscarine,,,,
Muscle,,,,
Muscle Relaxants,,,,
"Muscles, Disorders of",,,,
Muscular Dystrophy,,,,
Musculoskeletal,,,,
Mushroom Poisoning,,,,
Mutagen,,,,
Mutation,,,,
Mutism,,,,
Myalgia,,,,
Myalgic Encephalomyelitis (ME),,,,
Myasthenia Gravis,,,,
Mycobacterium,,,,
Mycoplasma,,,,
Mycosis,,,,
Mycosis Fungoides,,,,
Mydriasis,,,,
Mepacrine Hydrochloride,,,,
Meralgia Paraesthetica,,,,
Mercaptopurine,,,,
Mesalazine,,,,
Mescaline,,,,
Mesencephalon,,,,
Mesocolon,,,,
Mesoderm,,,,
Mesothelioma,,,,
Meta-Analysis,,,,
Metabolic Disorders,,,,
Metabolism,,,,
Metabolites,,,,
Metacarpal Bones,,,,
Metamyelocyte,,,,
Metaphysis,,,,
Metaplasia,,,,
Metaplasia,,,,
Mesentery,,,,
Metastasis,,,,
Metastatic,,,,
Metatarsal Bones,,,,
Metatarsalgia,,,,
Metatarsus,,,,
Meteorism,,,,
Metformin,,,,
Methadone Hydrochloride,,,,
Methaemoglobin,,,,
Methaemoglobinaemia,,,,
Methane,,,,
Methanol,,,,
Methicillin-Resistant Staphylococcus Aureus (MRSA),,,,
Methionine,,,,
Methotrexate,,,,
Methylbenzene,,,,
Methyldopa,,,,
Methylene Blue,,,,
Methylphenidate,,,,
Methylprednisolone,,,,
Methyl Salicylate,,,,
Methysergide,,,,
Metronidazole,,,,
Metropathia Haemorrhagica,,,,
Metrorrhagia,,,,
Metyrapone,,,,
Miconazole,,,,
Microangiopathy,,,,
Microbe,,,,
Microbicides,,,,
Microbiology,,,,
Microcephaly,,,,
Micrococcus,,,,
Microcyte,,,,
Microdissection,,,,
Microfilaria,,,,
Microgram,,,,
Micrometre,,,,
Micro-Organism,,,,
Micropsia,,,,
Microscope,,,,
Microsporum,,,,
Microtome,,,,
Microwaves,,,,
Micturition,,,,
Midwifery,,,,
Migraine,,,,
Milia,,,,
Miliaria,,,,
Miliary,,,,
Milium,,,,
Milk Teeth,,,,
Millilitre,,,,
Mind,,,,
Mineralcorticoid,,,,
Minim,,,,
Minimum Lethal Dose (MLD),,,,
Minimally Invasive Surgery (MIS),,,,
Minoxidil,,,,
Misoprostol,,,,
Mites,,,,
Mitochondria,,,,
Mitosis,,,,
Mode,,,,
Molar Teeth,,,,
Mole,,,,
Molecular Biology,,,,
Molecule,,,,
Molluscum Contagiosum,,,,
Mongolian Blue Spots,,,,
Mongolism,,,,
Moniliasis,,,,
Monoamine Oxidase Inhibitors (MAOIs),,,,
Monoclonal Antibodies,,,,
Monocyte,,,,
Monomania,,,,
Mononucleosis,,,,
Monoplegia,,,,
Monorchism,,,,
Monosaccharide,,,,
Monospot,,,,
Monozygotic Twins,,,,
Morbid Anatomy,,,,
Morbidity,,,,
Morbilli,,,,
Morbus,,,,
Moribund,,,,
Moron,,,,
Moro Reflex,,,,
Morphine,,,,
Morphoea,,,,
Mortality,,,,
Mortification,,,,
Mosaicism,,,,
Motion,,,,
Motion (Travel) Sickness,,,,
MRI,,,,
Mucilage,,,,
Mucocutaneous Lymph Node Syndrome,,,,
Mucolytic,,,,
Mucosa,,,,
Mucopolysaccaridhosis,,,,
Mucocoele,,,,
Mosquitoes,,,,
Motilin,,,,
Mucous Membrane,,,,
Mucoviscidosis,,,,
Mucus,,,,
Mullerian Ducts,,,,
Multigravida,,,,
Multipara,,,,
Multiple Births,,,,
Multiple Personality Disorder,,,,
Multiple Sclerosis (MS),,,,
Mumps,,,,
Munchausen’s Syndrome,,,,
Murmur,,,,
Muscarine,,,,
Muscle,,,,
Muscle Relaxants,,,,
"Muscles, Disorders of",,,,
Muscular Dystrophy,,,,
Musculoskeletal,,,,
Mushroom Poisoning,,,,
Mutagen,,,,
Mutation,,,,
Mutism,,,,
Myalgia,,,,
Myalgic Encephalomyelitis (ME),,,,
Myasthenia Gravis,,,,
Mycobacterium,,,,
Mycosis,,,,
Mydriasis,,,,
Myelin,,,,
Mycoplasma,,,,
Mycosis Fungoides,,,,
Myectomy,,,,
Myelitis,,,,
Myeloblast,,,,
Myelocyte,,,,
Myelography,,,,
Myeloid,,,,
Myeloma,,,,
Myelomatosis,,,,
Myelosuppression,,,,
Myiasis,,,,
Myocardial Infarction,,,,
Myocarditis,,,,
Myocardium,,,,
Myoclonus,,,,
Myoglobin,,,,
Myoglobinuria,,,,
Myoma,,,,
Myomectomy,,,,
Myometrium,,,,
Myopathy,,,,
Myositis,,,,
Myositis Ossificans,,,,
Myotonia,,,,
Myringoplasty,,,,
Myringotomy,,,,
Myrrh,,,,
Myxoedema,,,,
Myxoma,,,,
Myopia,,,,
Myxoviruses,,,,
Nabilone,,,,
Naevus,,,,
NAI,,,,
Nail,,,,
Nail-Biting,,,,
"Nails, Diseases of",,,,
Nalidixic Acid,,,,
Nalorphine,,,,
Naltrexone,,,,
Nappy Rash,,,,
Naloxone,,,,
Nandrolone,,,,
Nanometre,,,,
Naproxen,,,,
Narcissism,,,,
Narcolepsy,,,,
Narcosis,,,,
Narcotics,,,,
Nasal Congestion,,,,
Nasogastric Tube,,,,
Nasolacrimal Duct,,,,
Nasopharynx,,,,
National Blood Authority,,,,
National Care Standards Commission,,,,
National Electronic Library for Health,,,,
National Health Service (NHS),,,,
National Institute for Clinical Excellence (NICE),,,,
National Infection Control and Health Protection Agency,,,,
National Listening Library,,,,
Natriuresis,,,,
Nausea,,,,
Navel,,,,
Near Sight,,,,
Nebula,,,,
Nebulisers,,,,
Necator Americanus,,,,
Necropsy,,,,
Necrosis,,,,
Necrotising Fasciitis,,,,
Needle-Stick Injury,,,,
Needling,,,,
Nefopam Hydrochloride,,,,
Negativism,,,,
Negligence,,,,
Neisseriaceae,,,,
Nematode,,,,
Neomycin,,,,
Neonatal,,,,
Neonatal Intensive Care,,,,
Neonatal Mortality,,,,
Neonatology,,,,
Neoplasm,,,,
Neostigmine,,,,
Nephrectomy,,,,
Nephritis,,,,
Nephroblastoma,,,,
Nephrolithiasis,,,,
Nephrology,,,,
Nephron,,,,
Nephropathy,,,,
Nephropexy,,,,
Nephroptosis,,,,
Nephroscope,,,,
Nephrostomy,,,,
Nephrotic Syndrome,,,,
Nerve,,,,
Nerve Block,,,,
Nerve Cell,,,,
Nephrotomy,,,,
"Nerves, Injuries to",,,,
Nervous Breakdown,,,,
Nervous Impulse,,,,
Nervous System,,,,
"Nervous System, Disorders of",,,,
Nettle-Rash,,,,
Neuralgia,,,,
Neural Tube,,,,
Neural Tube Defects,,,,
Neurectomy,,,,
Neuritis,,,,
Neuroblastoma,,,,
Neurodermatoses,,,,
Neurasthenia,,,,
Neurilemma,,,,
Neurofibrils,,,,
Neurofibromatosis,,,,
Neuroglia,,,,
Neuroleptics,,,,
Neurology,,,,
Neuroma,,,,
Neuromuscular Blockade,,,,
Neuron(e),,,,
Neuropathic Bladder,,,,
Neuromuscular Junction,,,,
Neuropathology,,,,
Neuropathy,,,,
Neurosis,,,,
Neurosurgery,,,,
Neurotic,,,,
Neurotoxin,,,,
Neurotransmitter,,,,
Neutropenia,,,,
Neutrophil,,,,
Neutron,,,,
NHS,,,,
NHS Direct,,,,
NHS Executive,,,,
NHS Litigation Authority,,,,
NHS Modernisation Board,,,,
Niclosamide,,,,
Nicotinamide,,,,
Nicotine,,,,
Nicotinic Acid,,,,
Nidus,,,,
Nifedipine,,,,
Night Blindness,,,,
Night Sweats,,,,
Nipple,,,,
"Nipples, Diseases of",,,,
Nitrates,,,,
Nitrazepam,,,,
Nitrogen Mustards,,,,
Nitrofurantoin,,,,
Nitrous Oxide Gas,,,,
Nociceptors,,,,
Nocturia,,,,
Nocturnal Enuresis,,,,
Node,,,,
Noise,,,,
Noma,,,,
Non-Accidental Injury (NAI),,,,
Non-Conventional Medicine,,,,
Nomifensine,,,,
Non-Hodgkin’s Lymphoma,,,,
Non-Proprietary Name,,,,
Non-Specific Urethritis (NSU),,,,
Non-Steroidal AntiInflammatory Drugs (NSAIDs),,,,
Noradrenaline,,,,
Norepinephrine,,,,
Norethisterone,,,,
Norm,,,,
Normal,,,,
Normoblast,,,,
Normotensive,,,,
Nose,,,,
Nosology,,,,
Nostrils,,,,
Notifiable Diseases,,,,
NSAIDs,,,,
NSU,,,,
Nucha,,,,
Nuclear Medicine,,,,
Nucleic Acid,,,,
Nuclear Magnetic Resonance (NMR),,,,
Nuclear Medicine,,,,
Nucleic Acid,,,,
Nucleoside Reverse Transcriptase Inhibitor,,,,
Nucleus,,,,
Nucleus Pulposus,,,,
Nullipara,,,,
Numbness,,,,
Nursing,,,,
Nutrition,,,,
Nystagmus,,,,
Nystatin,,,,
Oat Cell,,,,
Obesity,,,,
Obsessive Compulsive Disorder,,,,
Obstetrics,,,,
Obstruction of the Bowels,,,,
Occiput,,,,
Occlusion,,,,
Occult,,,,
"Occupational Health, Medicine and Diseases",,,,
Occupational Therapy,,,,
Oedema,,,,
Oedema of the Lungs,,,,
Ochronosis,,,,
Oedipus Complex,,,,
Oesophagoscope,,,,
Oesophagostomy,,,,
Oesophagus,,,,
"Oesophagus, Diseases of",,,,
Oestradiol,,,,
Oestradiol Valerate,,,,
Oestriol,,,,
Oestrogen Receptor,,,,
Oestrone,,,,
Office for National Statistics (ONS),,,,
Ofloxacin,,,,
Ointments,,,,
Old Age,,,,
Olecranon Process,,,,
Oleic Acid,,,,
Oligaemia,,,,
Olig(o)-,,,,
Olfactory Nerves,,,,
Oligomenorrhoea,,,,
Oligospermia,,,,
Oliguria,,,,
Omentum,,,,
Omeprazole,,,,
Omphalocele,,,,
Onchocerciasis,,,,
Oncologist,,,,
Oncogenes,,,,
Oncology,,,,
Onychia,,,,
Onychogryphosis,,,,
Onycholysis,,,,
Onychomycosis,,,,
Oöcyte,,,,
Oögenesis,,,,
Oöphorectomy,,,,
Oöphoritis,,,,
Operating Microscope,,,,
Operation,,,,
Oöphoron,,,,
Operation,,,,
Ophthalmology,,,,
Ophthalmoplegia,,,,
Ophthalmoscope,,,,
Opiate,,,,
Opioid,,,,
Opioid Poisoning,,,,
Ophthalmia,,,,
Ophthalmologist,,,,
Opisthotonos,,,,
Opium,,,,
Opportunistic,,,,
Opsonins,,,,
Optic Atrophy,,,,
Optic Chiasma,,,,
Optic Disc,,,,
Optician,,,,
Optic Nerve,,,,
Optic Neuritis,,,,
Optic,,,,
Oral,,,,
Oral Contraceptive,,,,
Oral Rehydration Therapy (ORT),,,,
Oral Surgery,,,,
Orbit,,,,
Orchidectomy,,,,
Orchidopexy,,,,
Orchiti,,,,
Orf,,,,
Organic Disease,,,,
Organ,,,,
Organic Substances,,,,
Organophosphorus,,,,
Organ Transplantation,,,,
Orgasm,,,,
Oriental Sore,,,,
Orlistat,,,,
Ornithosis,,,,
Oropharynx,,,,
Orphenadrine,,,,
Orthopaedics,,,,
Orthodontics,,,,
Orthopaedics,,,,
Osmosis,,,,
Ossicle,,,,
Ossification,,,,
Osteitis Deformans,,,,
Osteitis Fibrosa Cystica,,,,
Ossification,,,,
Osteitis,,,,
Osteitis Fibrosa Cystica,,,,
Orthopaedics,,,,
Orthopnoea,,,,
Orthoptic Treatment,,,,
Osgood-Schlatter’s Disease,,,,
Osmosis,,,,
Ossicle,,,,
Ossification,,,,
Osteitis Deformans,,,,
Osteitis Fibrosa Cystica,,,,
Osteitis,,,,
Osteoarthritis,,,,
Osteoblast,,,,
Osteochondritis,,,,
Osteochondrosis,,,,
Osteoclast,,,,
Osteocyte,,,,
Osteogenesis,,,,
Osteogenesis Imperfecta,,,,
Osteogenic Sarcoma,,,,
Osteomalacia,,,,
Osteomyelitis,,,,
Osteopathy,,,,
Osteophytes,,,,
Osteoporosis,,,,
Osteosarcoma,,,,
Osteotomy,,,,
OTC,,,,
Otic Barotrauma,,,,
Otitis,,,,
Otic Barotrauma,,,,
Otolaryngology,,,,
Otology,,,,
Otorhinolaryngology,,,,
Otorrhoea,,,,
Otosclerosis,,,,
Otoscope,,,,
Ovaries,,,,
"Ovaries, Diseases of",,,,
Ovariotomy,,,,
Ovum,,,,
Oxalic Acid,,,,
Oxaliplatin,,,,
Oxazepam,,,,
Oxidant,,,,
Outpatient,,,,
Ovulation,,,,
Over-The-Counter (OTC),,,,
Overbite,,,,
Oxaluria,,,,
Oxalosis,,,,
Oximeter,,,,
Oximetry,,,,
Oxprenolol,,,,
Oxycephaly,,,,
Oxygen,,,,
Oxygen Deficit,,,,
Oxygen Tent,,,,
Oxyhaemoglobin,,,,
Oxytetracycline,,,,
Oxyuriasis,,,,
Oxygen Toxicity,,,,
Oxytocin,,,,
Ozaena,,,,
Ozone,,,,
Pacemaker,,,,
Pacinian Corpuscles,,,,
Packed Cell Volume,,,,
Paclitaxel,,,,
PACS,,,,
Paederasty,,,,
Paediatrician,,,,
Paedophilia,,,,
Paget’s Disease of Bone,,,,
Pain,,,,
Palate,,,,
Palilalia,,,,
Pallidotomy,,,,
Pallor,,,,
Palpation,,,,
Paediatrician,,,,
"Palate, Malformations of",,,,
Palliative,,,,
Palliative Care,,,,
Palpebral,,,,
Palliative,,,,
Palpitation,,,,
Palsy,,,,
PanA prefix,,,,
Panacea,,,,
Pancarditis,,,,
Pancreas,,,,
"Pancreas, Disorders of",,,,
Pancreatin,,,,
Pancreatitis,,,,
Pancytopenia,,,,
Pandemic,,,,
Panic Attacks,,,,
Panniculitis,,,,
Pannus,,,,
Pantothenic Acid,,,,
Papanicolaou Test,,,,
Papaveretum,,,,
Papillitis,,,,
Papilla,,,,
Papaverine,,,,
Papilloedema,,,,
Papilloma,,,,
Papova Viruses,,,,
Papule,,,,
Para,,,,
Para-Amino Salicylic Acid,,,,
Paracentesis,,,,
Paracetamol,,,,
Paracetamol Poisoning,,,,
Paradoxical Breathing,,,,
Paraesthesia,,,,
Paraffin,,,,
Paraganglion,,,,
Paragonimiasis,,,,
Paragraphia,,,,
Parainfluenza Viruses,,,,
Paraldehyde,,,,
Paralysis,,,,
Paralysis agitans,,,,
Paramedical,,,,
Parameter,,,,
Paramnesia,,,,
Paranasal Sinus,,,,
Paranoia,,,,
Paraparesis,,,,
Paraphasia,,,,
Paraphimosis,,,,
Parapsychology,,,,
Paraquat,,,,
Parasite,,,,
Parasiticide,,,,
Parasuicide,,,,
Parasympathetic Nervous System,,,,
Parasympathomimetic,,,,
Parathyroid,,,,
Paratyphoid Fever,,,,
Parenchyma,,,,
Parathion,,,,
Paraphrenia,,,,
Paraplegia,,,,
Parenteral,,,,
Parenteral Nutrition,,,,
Paresis,,,,
Parietal,,,,
Parietal Bone,,,,
Parietal Lobe,,,,
Parkinsonism,,,,
Paronychia,,,,
Parosmia,,,,
Parotid Gland,,,,
Paroxetine,,,,
Parturition,,,,
Parvoviruses,,,,
PAS,,,,
Paroxysm,,,,
Parrot Disease,,,,
Parthenogenesis,,,,
Partogram,,,,
Passive Movement,,,,
Parotitis,,,,
Pastes,,,,
Pasteurella,,,,
Pasteurisation,,,,
Patch Test,,,,
Patella,,,,
Patellar Reflex,,,,
Patellar Tendinitis,,,,
Patent,,,,
Patent Ductus Arteriosu,,,,
Patho,,,,
Pathogenesis,,,,
Pathogenic,,,,
Pathology,,,,
Patient,,,,
Patient Choice,,,,
Patient Consent,,,,
Patient-Controlled Analgesia,,,,
Pastes,,,,
Pasteurella,,,,
Pasteurisation,,,,
Patch Test,,,,
Patella,,,,
Pathogens,,,,
Pathognomonic,,,,
Patient Empowerment,,,,
Paul-Bunnell Test,,,,
Peak Flow Meter,,,,
Pectin,,,,
Pectoral,,,,
Pectoriloquy,,,,
Pedicle,,,,
Pediculocide,,,,
Pellagra,,,,
Pelvic Inflammatory Disease (PID),,,,
Pelvimetry,,,,
Pelvis,,,,
Pemphigoid,,,,
Pemphigus,,,,
Penicillamine,,,,
Penicillinase,,,,
Pediculosis,,,,
Peduncle,,,,
Peer Review,,,,
Penicillin,,,,
Penis,,,,
Pentamidine,,,,
Pepsin,,,,
Peptic Ulcer,,,,
Peptide,,,,
Peptonised Foods,,,,
Percussion,,,,
Percutaneous,,,,
Percutaneous Transhepatic Cholangiopancreatography (PTC),,,,
Percutaneous Transluminal Coronary Angioplasty,,,,
Perforation,,,,
Perfusion,,,,
Peri,,,,
Periarteritis Nodosa,,,,
Pericarditis,,,,
Pericardium,,,,
Perichondritis,,,,
Perimetritis,,,,
Perimetry,,,,
Perinatal,,,,
Perineum,,,,
Period,,,,
Periodontal,,,,
Periodontal Membrane,,,,
Perioperative Cell Salvage,,,,
Periosteum,,,,
Periostitis,,,,
Peripheral-Blood Stem-Cell Transplants,,,,
Peripheral Nervous System,,,,
Peripheral Neuritis,,,,
Peripheral Vascular Disease,,,,
Peristalsis,,,,
Peritoneoscopy,,,,
Peritoneum,,,,
Peritonitis,,,,
Peritonsillar Abscess,,,,
Permethrin,,,,
Pernicious Anaemia,,,,
Peroneal,,,,
Perphenazine,,,,
Peripheral Nervous System,,,,
Perseveratio,,,,
Persistent Vegetative State (PVS),,,,
Personality Disorder,,,,
Perspiration,,,,
Perthes’ Disease,,,,
Pertussis,,,,
Pes Cavus,,,,
Pes Planus,,,,
Pessaries,,,,
Pesticides,,,,
Petechiae,,,,
,,,,
Petit Mal,,,,
Petri Dishes,,,,
PET Scanning,,,,
Peyer’s Patches,,,,
Peyronie’s Disease,,,,
pH,,,,
Phaeochromocytoma,,,,
Phagocyte,,,,
Phagocytosis,,,,
Phalanx,,,,
Phallus,,,,
Phantasy,,,,
Phantom Limb,,,,
Pharmacists,,,,
Pharmacogenetics,,,,
Pharmacogenomics,,,,
Pharmacopoeia,,,,
Pharmacy,,,,
Phenazocine Hydrobromide,,,,
Phenelzine,,,,
Phenindione,,,,
Phenothiazines,,,,
Phenobarbitone,,,,
Phenol,,,,
Pharynx,,,,
Pharyngitis,,,,
Pharmacology,,,,
Pharmacokinetics,,,,
Phenothrin,,,,
Phenotype,,,,
Phenoxybenzamine,,,,
Phenoxymethylpenicillin,,,,
Phenylalanine,,,,
Phenylketonuria,,,,
Phenytoin Sodium,,,,
Phimosis,,,,
Phlebitis,,,,
Phlebography,,,,
Phlebolith,,,,
Phlebotomy,,,,
Phlegm,,,,
Phlyctenule,,,,
Phobia,,,,
Phocomelia,,,,
Phonation,,,,
Phonocardiograph,,,,
Pholcodine,,,,
Pheromones,,,,
Phosphates,,,,
Phosphaturia,,,,
Phospholipid,,,,
Phosphorus,,,,
Phosphorus Burns,,,,
Photochemotherapy,,,,
Photocoagulation,,,,
Photodermatoses,,,,
Photodynamic Therapy,,,,
Photophobia,,,,
Photopsia,,,,
Photosensitivity,,,,
Photosynthesis,,,,
Phrenic Nerve,,,,
Phrenology,,,,
Phthisis,,,,
Physical Examination,,,,
Physical Medicine,,,,
Physician-Assisted Suicide,,,,
Physiology,,,,
Physiotherapy,,,,
Physostigmine,,,,
Phytomenadione,,,,
Pia Mater,,,,
Pica,,,,
Picorna Viruses,,,,
Picric Acid,,,,
Picture Archiving and Communications System (PACS,,,,
Pigeon Breast,,,,
Piles,,,,
Pills,,,,
Pilocarpine,,,,
Pilonoidal Sinus,,,,
Pimples,,,,
Pins and Needles,,,,
Pinworm,,,,
Pineal Gland,,,,
Pinna,,,,
Piperacillin,,,,
Piperazine,,,,
Pipothiazine,,,,
Piroxicam,,,,
Pituitary Gland,,,,
Pituitary-Linked Disorders,,,,
Pityriasis,,,,
PKU,,,,
Placenta,,,,
Placenta Praevia,,,,
Placentography,,,,
Plantar,,,,
Plasma Exchange,,,,
placebo,,,,
Plague,,,,
Plantar Dermatosis,,,,
Plantar Fasciitis,,,,
Plasma Cells,,,,
Plasmapheresis,,,,
Plasma Transfusion,,,,
Plasma Exchange,,,,
Plasmids,,,,
Plasmin,,,,
Plasminogen,,,,
Plasmodium,,,,
Plaster of Paris,,,,
Plastic Surgery,,,,
Plethysmograph,,,,
Pleura,,,,
Pleural Cavity,,,,
Pleurisy,,,,
Pleurodynia,,,,
Plummer-Vinson Syndrome,,,,
Pneumo,,,,
Pneumococcus,,,,
Pneumoconiosis,15,,,
Platelets,15,,,
Plethora,15,,,
Plethysmograph,15,,,
Plexus,6,,,
Pneumocystis Pneumonia,12,,,
Pneumonectomy,12,,,
Pneumonia,12,,,
Pneumonitis,12,,,
Pneumoperitoneum,12,,,
Pneumothorax,12,,,
Podagra,7,,,
Podophyllin,11,,,
Poikilocytosis,6,,,
Poisons,14,,,
Poliomyelitis,6,,,
Pollex,7,,,
Polyarteritis Nodosa,6,,,
Polyarthritis,6,,,
Polychromasia,6,,,
Polychromatophilia,6,,,
Polycystic Disease of the Kidney,10,,,
Polycystic Ovary Syndrome,11,,,
Polycythaemia,6,,,
Polydactyly,7,,,
Portal Vein,6,,,
Portal System,15,,,
Portal Hypertension,6,,,
Porphyrins,6,,,
Porphyrias,6,,1,immunology
Pore,7,,2,microbiology
Poppy,15,,3,cardiovascular
Popliteal Space,7,,4,endocrine (hormons)
Pompholyx,7,,5,gastrointentinal
Polyuria,15,,6,blood
Polysaccharide,15,,7,muscoskeltal
Polypus,3,,8,neurology
Polyposis,3,,9,pyschiatry
Polypill,13,,10,renal
Polypharmacy,13,,11,Reproductive
Polypeptide,15,,12,Respiratory
Polyp,,,13,Pharmacology
Polyneuritis,,,14,Biochemsitry
Polymyxin,,,15,General
Polymyositis,,,,
Polymyalgia Rheumatica,,,,
Polymorph,,,,
Polygene,,,,
Polyenes,,,,
Port Wine Stain,,,,
Positron-Emission Tomography (PET),,,,
Possetting,,,,
Post,,,,
Post-Coital Contraception,,,,
Post-Coital Test,,,,
Post-Mortem Examination,,,,
Post-Operative,,,,
Post-Partu,,,,
Post-Traumatic Stress Disorder (PTSD),,,,
Postural Drainage,,,,
Post-Viral Fatigue Syndrome,,,,
Potassium,,,,
Potassium-Channel Activators,,,,
Potassium Permanganate,,,,
Pott’s Disease,,,,
Pott’s Fracture,,,,
Pouchitis,,,,
Poultices,,,,
Poupart’s Ligament,,,,
Praziquantel,,,,
Pre,,,,
Prescription,15,,,
Precipiti,,,,
Precordial Region,,,,
Prednisolone,,,,
Prednisone,,,,
Pre-Eclampsia,,,,
Pregnancy and Labour,,,,
Pregnancy Tests,,,,
Pregnandiol,,,,
Premature Beat,,,,
Premature Birth,,,,
Premature Ejaculation,,,,
Premedication,,,,
Premenstrual Syndrome,,,,
Premolar,,,,
Prenatal Screening or Diagnosis,,,,
Prepuce,,,,
Presbyacusis,,,,
Presbyopia,,,,
Prescribed Diseases,,,,
Presenile,,,,
Presentation,,,,
Pressor,,,,
Pressure Sores,,,,
Prevalence,,,,
Preventive Medicine,,,,
Priapism,,,,
Prickly Heat,,,,
Primary Care Trust,,,,
Primary Health Care,,,,
Primidone,,,,
Primigravida,,,,
Primipara,,,,
Prion,,,,
Private Health Care,,,,
Pro,,,,
Probe,,,,
Probenecid,,,,
Probiotics,,,,
Procainamide Hydrochloride,,,,
Procaine,,,,
Procarbazine,,,,
Prochlorperazine,,,,
Procidentia,,,,
Prostacyclin,,,,
Prospective Study,,,,
Propylthiouracil,,,,
Proptosis,,,,
Proptometer,,,,
Proprioceptors,,,,
Proprietary Name,,,,
Propranolol Hydrochloride,,,,
Propofol,,,,
Prophylaxis,,,,
Prone,,,,
Pronation,,,,
Promethazine Theoclate,,,,
Promethazine Hydrochloride,,,,
Promazine,,,,
Prolapsed Intervertebral Disc,,,,
Prolapse,,,,
Prolactin,,,,
Proguanil Hydrochloride,,,,
Prognosis,,,,
Prognathism,,,,
Progestogen,,,,
Progesterone,,,,
Progeria,,,,
Prostaglandins,,,,
Gland,,,,
"Prostate Gland, Diseases of",,,,
Prostatis,,,,
Prostatectomy,,,,
Prostate Specific Antigen (PSA),,,,
Prostatism,,,,
Prosthesis,,,,
Protease,,,,
Protease Inhibitors,,,,
Protein,,,,
Proteinuria,,,,
Proteolysis,,,,
Prothrombin,,,,
Proton Pump,,,,
Proton-Pump Inhibitors,,,,
Protoplasm,,,,
Protozoa,,,,
Protriptyline,,,,
Proximal,,,,
Prozac,,,,
Prurigo,,,,
Pruritus,,,,
Prussic Acid Poisoning,,,,
Pseudocyesis,,,,
Pseudocyst,,,,
Pseudohermaphrodite,,,,
Pseudohypertrophic Muscular Dystrophy,,,,
Pseudomonas Aeruginosa,,,,
Pseudoxanthoma Elasticum,,,,
Psittacosis,,,,
Psoas,,,,
Psoralens,,,,
Psoriasis,,,,
Psyche,,,,
Psychedelic Drugs,,,,
Psychiatry,,,,
Psychoanalysis,,,,
Psychogeriatrics,,,,
Psychologist,,,,
Psychology,,,,
Psychometrics,,,,
Psychopathic,,,,
Psychosexual,,,,
Psychosis,,,,
Psychosomatic Diseases,,,,
Pulmonary Oedema,,,,
Pulmonary Hypertension,,,,
Pulmonary Function Tests,,,,
Pulmonary Fibrosis,,,,
Pulmonary Embolism,,,,
Pulmonary Diseases,,,,
Pulmonary,,,,
Puerperium,,,,
Puerperal Sepsis,,,,
Puerperal Depression,,,,
Pudendum,,,,
Pudendal Nerve,,,,
Public Health Laboratory Service (PHLS),,,,
Public Health,,,,
Pubis,,,,
Puberty,,,,
Ptyalin,,,,
Ptosis,,,,
Pterygium,,,,
PTC,,,,
Psychotropic,,,,
Psychotic,,,,
Psychotherapy,,,,
Psychosurgery,,,,
Pulmonary Surfactant,,,,
Pulp,,,,
Pulsation,,,,
Pulse,,,,
Pulse Oximetry,,,,
Pulsus Paradoxus,,,,
Punctate Basophilia,,,,
Punctum,,,,
Puncture,,,,
Pupil,,,,
Purgatives,,,,
Purkinje Cells,,,,
Purpura,,,,
Purulent,,,,
Pus,,,,
Pustule,,,,
Putrid Fever,,,,
PUVA,,,,
PVS,,,,
Pyaemia,,,,
Pyelitis,,,,
Pyelogram,,,,
Pyelography,,,,
Pyelolithotomy,,,,
Quadriceps,,,,
Quadrantanopia,,,,
Quack,,,,
Q-T Interval,,,,
QRS Complex,,,,
Q Fever,,,,
QALY,,,,
Pyuria,,,,
Pyrosis,,,,
Pyromania,,,,
Pyrimethamine,,,,
Pyridoxine,,,,
Pyrexia,,,,
Pyrazinamide,,,,
Pyorrhoea,,,,
Pyogenic,,,,
Pyoderma Gangrenosum,,,,
Pyo,,,,
Pylorus,,,,
Pylorospasm,,,,
Pyloromyotomy,,,,
Pyloric Stenosis,,,,
Pylephlebitis,,,,
Pyelonephritis,,,,
Radiography,,,,
Radiographer,,,,
Radioactivity,,,,
Radioactive Isotopes,,,,
Radiculopathy,,,,
Radiation Sickness,,,,
Radiation,,,,
Radial Nerve,,,,
Radial Artery,,,,
RAD,,,,
,,,,
Quintuplets,,,,
Quinsy,,,,
Quinolones,,,,
Quinine,,,,
Quinidine,,,,
Quinghaosu,,,,
Quiescent,,,,
Quickening,,,,
,,,,
Quarantine,,,,
Quantitative Digital Radiography,,,,
Quadruplets,,,,
Recombinant DNA,,,,
Recessive,,,,
Receptor,,,,
Read Codes,,,,
Reactive Arthritis,,,,
RCN,,,,
Raynaud’s Disease,,,,
Rat-Bite Fever,,,,
Rash,,,,
Rarefaction,,,,
Raphe,,,,
Rape,,,,
Ranula,,,,
Ranitidine,,,,
Randomised Controlled Trial,,,,
Raloxifene,,,,
Râle,,,,
Radius,,,,
Radium,,,,
Radiotherapy,,,,
Radio-Opaque,,,,
Radionuclide,,,,
Radiology,,,,
Radioimmunoassay,,,,
Reiter’s Syndrome,,,,
Rehabilitation,,,,
Regurgitation,,,,
Regulation of Health Professions,,,,
Registrar,,,,
Regional Ileitis,,,,
Regional Anaesthesia,,,,
Regimen,,,,
Refractory,,,,
Refraction,,,,
Reflux,,,,
Reflex Action,,,,
Referred Pain,,,,
Reduction Division,,,,
Reduction,,,,
Red Cross,,,,
Red Blood Cell,,,,
Recurrent Laryngeal Nerve,,,,
"Rectum, Diseases of",,,,
Rectum,,,,
Recrudescence,,,,
Recovery Position,,,,
Recovered Memory Syndrome,,,,
Resistance,,,,
Resolution,,,,
Resistin,,,,
Residual Volum,,,,
Reserve Volum,,,,
Reserpine,,,,
Resection,,,,
Research Fraud and Misconduct,,,,
Research,,,,
Reproductive System,,,,
Repressed Memory Therapy,,,,
Repetitive Strain Injury (RSI),,,,
Renography,,,,
Rennin,,,,
Renin,,,,
Renal Tubule,,,,
Renal Diseases,,,,
Renal Cell Carcinoma,,,,
Renal,,,,
REM Sleep,,,,
Remittent Fever,,,,
Remission,,,,
Relenza,,,,
Relaxation Therapy,,,,
Retro,,,,
Retractor,,,,
Retinopathy,,,,
Retinol,,,,
Retinoids,,,,
Retinoic Acid,,,,
Retinoblastoma,,,,
"Retina, Disorders of",,,,
Retina,,,,
Reticulo-Endothelial System,,,,
Reticulocytes,,,,
Retention of Urine,,,,
Retching,,,,
Retardation,,,,
Resuscitation,,,,
Restriction Enzyme,,,,
Restless Legs Syndrome,,,,
Respiratory System,,,,
Respiratory Syncytial Virus (RSV,,,,
Respiratory Distress Syndrome,,,,
Respiratory Arrest,,,,
Resorcinol,,,,
Respiration,,,,
Resonance,,,,
Rhizotomy,,,,
Rhinoviruses,,,,
Rhinorrhoea,,,,
Rhinoplasty,,,,
Rhinophyma,,,,
Rhinitis,,,,
Rh Factor,,,,
Rheumatology,,,,
Rheumatoid Arthritis,,,,
Rheumatism,,,,
Rheumatic Fever,,,,
Rhesus Factor,,,,
Rhabdoviruses,,,,
Reye’s Syndrome,,,,
Reverse Transcriptase Inhibitor,,,,
Reverse Transcriptase,,,,
Revalidation,,,,
Retrovirus,,,,
Retroversion,,,,
Retrospectoscope,,,,
Retrospective Study,,,,
Retropharyngeal Abscess,,,,
Retrograde,,,,
Retrobulbar Neuritis,,,,
Rivastigmine,,,,
Ritodrine,,,,
Ritalin,,,,
Risus Sardonicus,,,,
Risk Register,,,,
Risk Management,,,,
Risk Factor,,,,
Ripple Beds,,,,
Rinnes Test,,,,
Ringworm,,,,
Ring Block,,,,
Rigor,,,,
Rigidity,,,,
Rift Valley Fever,,,,
Rifampicin,,,,
Rickettsia,,,,
Rickets,,,,
Rice-Water,,,,
Ribs,,,,
Ribozyme,,,,
Ribosome,,,,
Ribonucleic Acid,,,,
Riboflavin,,,,
Ribavirin,,,,
Rohypnol,,,,
Rombergism,,,,
Root Filling,,,,
Rorschach Test,,,,
Rosacea,,,,
Roseola Infantum,,,,
Rotator Cuff,,,,
Rotaviruses,,,,
Roughage,,,,
Rouleaux,,,,
Roundworms,,,,
Rous Sarcoma,,,,
Royal College of Nursing (RCN),,,,
RSI,,,,
RSV,,,,
Rubella,,,,
Rupture,,,,
Ryle’s Tube,,,,
Sabin Vaccine,,,,
Saccharine,,,,
Saccharomyces,,,,
Sacral Nerves,,,,
Sacroileitis,,,,
Sacral Vertebrae,,,,
Salaam Attacks,,,,
Salbutamol,,,,
Salicylic Acid,,,,
Saline,,,,
Saliva,,,,
Salivary Glands,,,,
Salk Vaccine,,,,
Salmonella Infections,,,,
Salmon Patches,,,,
Salpingitis,,,,
Salpingo,,,,
Salpingography,,,,
Salpingo-Oöphorectomy,,,,
Salt,,,,
Sandfly Feve,,,,
Sanguineous,,,,
Saphenous,,,,
Saprophyte,,,,
Sarco,,,,
Sarcoidosis,,,,
Sarcoma,,,,
Sarcoptes,,,,
SARS,,,,
Scalded-Skin Syndrome,,,,
Scalds,,,,
Scalp,,,,
Scalpel,,,,
Scanning Speech,,,,
Scanning Techniques,,,,
Scaphoid Bone,,,,
Scapula,,,,
Scar,,,,
Scarlet Fever,,,,
Schistomicide,,,,
Schistosomiasis,,,,
Schizo,,,,
Schizogony,,,,
Schizophrenia,,,,
Schwann Cell,,,,
Sciatica,,,,
Scirrhus,,,,
Sclera,,,,
Scleritis,,,,
Scleroderma,,,,
Sclerosis,,,,
Sclerotherapy,,,,
Scotoma,,,,
Screening Test,,,,
Scrivener’s Palsy,,,,
Scrofula,,,,
Scrombotoxin Poisoning,,,,
Scrotum,,,,
Scrum-Pox,,,,
Scurf,,,,
Scurvy,,,,
Sea-Sickness,,,,
Seasonal Affective Disorder Syndrome,,,,
Sebaceous Cyst,,,,
Sebaceous Glands,,,,
Seborrhoea,,,,
Sebum,,,,
Secondary Prevention,,,,
Secondary Sexual Characteristics,,,,
Secretin,,,,
Secretion,,,,
Section,,,,
Secundines,,,,
Sedation,,,,
Sedatives,,,,
Seizure,,,,
Selective Serotonin-Reuptake Inhibitors (SSRIs),,,,
Selegiline,,,,
Selenium Sulphide,,,,
Self-Poisoning,,,,
Sella Turcica,,,,
Semen,,,,
Semilunar Cartilages,,,,
Seminal Vesicle,,,,
Seminiferous Tubules,,,,
Seminoma,,,,
Senile Dementia,,,,
Senility,,,,
Senna,,,,
Sensation,,,,
Sensitisation,,,,
Sensitivity,,,,
Sensory,,,,
Sensory Cortex,,,,
Sensory Deprivation,,,,
Septal Defect,,,,
Sepsis,,,,
Septicaemia,,,,
Septum,,,,
Sequelae,,,,
Sequestrum,,,,
Seroconversion,,,,
Serotonin,,,,
Serotype,,,,
Serous,,,,
Serous Membranes,,,,
Serpiginous,,,,
Serum,,,,
Serum Sickness,,,,
Serum Therapy,,,,
Sesamoid Bones,,,,
Sessile,,,,
Severe Acute Respiratory Syndrome (SARS),,,,
Sevoflurane,,,,
Sex Change,,,,
Sex Chromosomes,,,,
Sex Education,,,,
Sex Hormones,,,,
Sex-Linked Inheritance,,,,
Sex Therapy,,,,
Sexual Abuse,,,,
Sexual Deviation,,,,
Sexually Transmitted Diseases (STDs),,,,
Shaken Impact Syndrome,,,,
Shellfish Poisoning,,,,
Sheltered Housing,,,,
Shigella,,,,
Shingles,,,,
Shin Splints,,,,
Shock,,,,
Shock Lung,,,,
Shock Therapy,,,,
Short-Sight,,,,
Short Stature,,,,
Shoulder,,,,
Shunt,,,,
Sialagogues,,,,
Sialorrhoea,,,,
Siamese Twins,,,,
Sibling,,,,
SIDS,,,,
Sickness,,,,
Side-Effects,,,,
Siderosis,,,,
Sight,,,,
Silica,,,,
Silicones,,,,
Silicosis,,,,
Simmonds’ Disease,,,,
Simvastatin,,,,
Singer’s Nodule,,,,
Sinoatrial Node,,,,
Sinus,,,,
Sinusitis,,,,
Sinus Tachycardia,,,,
Sinusoid,,,,
SI Units,,,,
Sjogren’s Syndrome,,,,
Skeletal Muscle,,,,
Skeleton,,,,
Skin,,,,
"Skin, Diseases of",,,,
Skin-Grafting,,,,
Skull,,,,
Slapped Cheek Syndrome,,,,
SLE,,,,
Sleep,,,,
Slapped Cheek Syndrome,,,,
Slipped Disc,,,,
Slough,,,,
Small-Bowel Transplantantion,,,,
Small-Cell Carcinoma,,,,
Smallpox,,,,
Smegma,,,,
Smell,,,,
Smoke Inhalation,,,,
Smoking,,,,
Smooth Muscle,,,,
Snake-Bite,,,,
Snapping Finger,,,,
Sneezing,,,,
Snellen Chart,,,,
Snoring,,,,
Snow Blindness,,,,
Snuffles,,,,
Social Classes,,,,
Social Medicine,,,,
Sodium,,,,
Sodium Aurothiomalate,,,,
Sodium Chloride,,,,
Sodium Cromoglycate,,,,
Sodium Diatrizoate,,,,
Sodium Hypochlorite,,,,
Sodium Valproate,,,,
Sodomy,,,,
Solar Plexus,,,,
Solution,,,,
Solvent Abuse (Misuse),,,,
Somatic,,,,
Somatoform Diseases,,,,
Somatostatin,,,,
Somatotype,,,,
Somnambulism,,,,
Soporifics,,,,
Sore,,,,
Sore Throat,,,,
Sotalol,,,,
Sound,,,,
Soya Bean,,,,
Space Medicine,,,,
Spanish Fly,,,,
Spasm,,,,
Spasmodic Torticollis,,,,
Spastic,,,,
Spatula,,,,
Specialist,,,,
Specificity,,,,
Speculum,,,,
Speech Disorders,,,,
Sperm,,,,
Spermatic,,,,
Spermatic Cord,,,,
Spermatogenesis,,,,
Spermatorrhoea,,,,
Spermatozoa,,,,
Spermatozoon,,,,
Spermicide,,,,
Sphenoid,,,,
Sphincter,,,,
Sphygmograph,,,,
Sphygmomanometer,,,,
Spina Bifida,,,,
Spinal Anaesthesi,,,,
Spinal Column,,,,
Spinal Cord,,,,
"Spine and Spinal Cord, Diseases and Injuries of",,,,
Spiramycin,,,,
Spirillum,,,,
Spirit,,,,
Spironolactone,,,,
Splanchnic,,,,
Spleen,,,,
"Spleen, Diseases of",,,,
Splenectomy,,,,
Splenomegaly,,,,
Splinter Haemorrhages,,,,
Splints,,,,
Spondylitis,,,,
Spondylolisthesis,,,,
Spondylosis,,,,
Spongiform Encephalopathy,,,,
Sporadic,,,,
Spore,,,,
Sporozoa,,,,
Sporozoites,,,,
Sports Medicine,,,,
Spots Before the Eyes,,,,
Spotted Fever,,,,
Sprains,,,,
Sprue,,,,
Sputum,,,,
Squill,,,,
Squint,,,,
Staghorn Calculus,,,,
Stammering,,,,
Standard Deviation,,,,
Stannosis,,,,
Stanozolol,,,,
Stapedectomy,,,,
Stapes,,,,
Staphylococcus,,,,
Starch,,,,
Starvation,,,,
Stasis,,,,
STAT,,,,
Statins,,,,
Status Asthmaticus,,,,
Status Epilepticus,,,,
STD(s),,,,
Steatoma,,,,
Steatorrhoea,,,,
Stem Cell,,,,
Stenosis,,,,
Stent,,,,
Stereognosis,,,,
Stereotaxis,,,,
Sterilisation,,,,
Stethoscope,,,,
Stevens-Johnson Syndrome,,,,
Stiffness,,,,
Stigma,,,,
Stilboestrol,,,,
Stilboestrol Diphosphate,,,,
Stilet,,,,
Stillbirth,,,,
Still’s Disease,,,,
Stimulant,,,,
Stings,,,,
Stitch,,,,
St John’s Wort,,,,
Stokes-Adams Syndrome,,,,
Stoma,,,,
Stomach,,,,
"Stomach, Diseases of",,,,
Stomach Tube,,,,
Stomach Washout,,,,
Stomatitis,,,,
-Stomy,,,,
Stone,,,,
Stools,,,,
Strabismus,,,,
Streptomycin,,,,
Stress,,,,
Stress Fractures,,,,
Striae,,,,
Stricture,,,,
Stridor,,,,
Stroke,,,,
Stroma,,,,
Strongyloidiasis,,,,
Strychnine,,,,
Stupor,,,,
Stuttering,,,,
St Vitus’s Dance,,,,
Stye,,,,
Styptics,,,,
Sub,,,,
Subacute,,,,
Subacute Combined Degeneration of the Cord,,,,
Subacute Sclerosing Panencephalitis,,,,
Subarachnoid Haemorrhage,,,,
Subarachnoid Space,,,,
Subclavian,,,,
Subclinical,,,,
Streptokinase,,,,
Suffocatio,,,,
Subconscious,,,,
Subcutaneous,,,,
Subdural,,,,
Subinvolution,,,,
Subjective,,,,
Sublimation,,,,
Subluxation,,,,
Submucosa,,,,
Subphrenic Abscess,,,,
Substrate,,,,
Succussion,,,,
Suckling,,,,
Sucrose,,,,
Suction,,,,
Sudden Infant Death Syndrome (SIDS),,,,
Sudek’s Atrophy,,,,
Sudorifics,,,,
Suffocation,,,,
Suicide,,,,
Sulcus,,,,
Sulfadiazine,,,,
Sulfamethoxazole,,,,
Sulfasalazine,,,,
Sulfinpyrazone,,,,
Sulphur,,,,
Sumatriptan,,,,
Summer Diarrhoea,,,,
Sunburn,,,,
Super,,,,
Superficial,,,,
Supination,,,,
Supine,,,,
Suppository,,,,
Suppression,,,,
Suppuration,,,,
Supra,,,,
Suprapubic,,,,
Suprarenal Glands,,,,
Supraventricular Tachycardia,,,,
Suramin,,,,
Surfactant,,,,
Surgery,,,,
Surrogate,,,,
Susceptibility,,,,
Suture,,,,
Swab,,,,
Swan-Ganz Catheter,,,,
Sweat,,,,
Sweat Glands,,,,
Sweetbread,,,,
Sycosis Barbae,,,,
Sydenham’s Chorea,,,,
Sympathetic,,,,
Sympathetic Nervous System,,,,
Sympathomimetic Drugs,,,,
Symphysis,,,,
Symptom,,,,
Syn,,,,
Synapse,,,,
Syncope,,,,
Syndactyly,,,,
Syndrome,,,,
Synechiae,,,,
Synergist,,,,
Synostosis,,,,
Synovectomy,,,,
Synovial Membrane,,,,
Synovitis,,,,
Synovium,,,,
Synthetic,,,,
Syphilis,,,,
Syringe,,,,
System,,,,
Systole,,,,
Systolic Pressure,,,,
Tabes,,,,
Tablet,,,,
Tacalcitol,,,,
TAB Vaccine,,,,
Tachycardi,,,,
Tachyphylaxis,,,,
Tachypnoea,,,,
Tacrolimus,,,,
Tactile,,,,
Taenia,,,,
Taeniasis,,,,
Talc,,,,
Talipes,,,,
Talus,,,,
Tamoxifen,,,,
Tampon,,,,
Tamponade,,,,
Tannin,,,,
Tantulum,,,,
Tapeworm,,,,
Tapotement,,,,
Tapping,,,,
Tardive Dyskinesia,,,,
Target Cell,,,,
Target Organ,,,,
Tars,,,,
Tarsal,,,,
Tarsus,,,,
Tartar,,,,
Taste,,,,
,,,,
Taxanes,,,,
Taxis,,,,
Tay Sachs Disease,,,,
Tazarotene,,,,
T-Cell Lymphoma,,,,
Tears,,,,
Technetium-99,,,,
Teeth,,,,
"Teeth, Disorders of",,,,
Teeth-Grinding,,,,
Teething,,,,
Teichopsia,,,,
Teicoplanin,,,,
Telangiectasis,,,,
Telemedicine,,,,
Temazepam,,,,
Temperature,,,,
Temple,,,,
Temporal,,,,
Temporal Arteritis,,,,
Temporal Artery,,,,
Temporal Lobe,,,,
Temporal Lobe Epilepsy,,,,
Tenderness,,,,
Tendinitis,,,,
Tendon,,,,
Tendon Transfer,,,,
Tendovaginitis,,,,
Tenesmus,,,,
Tennis Elbow,,,,
Teno,,,,
Tenosynovitis,,,,
Tenotomy,,,,
Tenovaginitis,,,,
TENS,,,,
Tentorium,,,,
Terbinafine,,,,
Teratoma,,,,
Terbinafine,,,,
Terbutaline,,,,
Tertian Fever,,,,
Testicle,,,,
"Testicle, Diseases of",,,,
Testis,,,,
Test Meal,,,,
Testosterone,,,,
Test-Tube,,,,
Test-Tube Baby,,,,
Tetanus,,,,
Tetany,,,,
Tetrabenazine,,,,
Tetracyclines,,,,
Tetralogy of Fallot,,,,
Tetraplegia,,,,
Thalassaemia,,,,
Thalamus,,,,
Thalidomide,,,,
Thallium,,,,
Theca,,,,
Thenar Eminence,,,,
Theophylline,,,,
Therapeutic Index,,,,
Therapeutics,,,,
Therapy,,,,
Thermo,,,,
Thermography,,,,
Thermoluminescent Dosimeter,,,,
Thermometer,,,,
Thermometer Scales,,,,
Thermoreceptor,,,,
Thiabendazole,,,,
Thiamine,,,,
Thiazides,,,,
Thiazolidinedione Drugs,,,,
Thiersch’s Graft,,,,
Thigh,,,,
Thiopentone Sodium,,,,
Thioridazine,,,,
Thiotepa,,,,
Thirst,,,,
Thoracic Duct,,,,
Thoracocentesis,,,,
Thoracoplasty,,,,
Thorax,,,,
Thought Disorders,,,,
Threadworm,,,,
Threonine,,,,
Threshold,,,,
Thrill,,,,
Throat,,,,
Throbbing,,,,
Thrombin,,,,
Thromboangiitis Obliterans,,,,
Thrombocyte,,,,
Thrombocytopenia,,,,
Thrombocytopenic,,,,
Thromboembolism,,,,
Thrombolysis,,,,
Thrombolytic Agents,,,,
Thrombophlebitis,,,,
Thromboplastin,,,,
Thrombosi,,,,
Thromboxane,,,,
Thrombus,,,,
Thrush,,,,
Thumb-Sucking,,,,
Thymocyte,,,,
Thymoma,,,,
Thymus Gland,,,,
Thyroid Cancer,,,,
Thyroid Cartilage,,,,
Thyroid Gland,,,,
"Thyroid Gland, Diseases of",,,,
Thyroiditis,,,,
Thyrotoxicosis,,,,
Thyrotrophin-Releasing Hormone (TRH),,,,
Thyrotrophin-Stimulating Hormone (TSH),,,,
Thyroxine,,,,
TIA,,,,
Tibia,,,,
Tic,,,,
Tic Douloureux,,,,
Ticks,,,,
Ticlopidine,,,,
TIE,,,,
Timolol Maleate,,,,
Tincture,,,,
Tinea,,,,
Tinnitus,,,,
"Tissue Plasminogen Activator (TPA, tPA)",,,,
Tissue Typing,,,,
Titration,,,,
Titre,,,,
Titubation,,,,
Tizanidine,,,,
T-Lymphocyte,,,,
TNM Classification,,,,
Tobacco,,,,
Tobramycin,,,,
Toes,,,,
Tolazomide,,,,
Tolbutamide,,,,
Tolerance,,,,
Toluene,,,,
Tomography,,,,
tomy,,,,
Tongue,,,,
"Tongue, Disorders of",,,,
Tonics,,,,
Tonsillitis,,,,
Tonsils,,,,
"Tooth, Supernumerary",,,,
Toothache,,,,
Tophus,,,,
Topical,,,,
Torasemide,,,,
Torpor,,,,
Torsion,,,,
Torticollis,,,,
Touch,,,,
Tourette’s Syndrome,,,,
Tourniquet,,,,
Toxaemia,,,,
Toxbase,,,,
Toxic,,,,
Toxicology,,,,
Toxic Shock Syndrome,,,,
Toxins,,,,
Toxocariasis,,,,
Toxoid,,,,
Toxoplasmosis,,,,
tPA/TPA,,,,
Trabecula,,,,
Trace Elements,,,,
Tracer,,,,
Tracheostomy,,,,
Trachoma,,,,
Traction,,,,
Tractotomy,,,,
Training,,,,
Trance,,,,
Tranexamic Acid,,,,
Tranquillisers,,,,
Transcutaneous Electrical Nerve Stimulation (TENS),,,,
Transfusion,,,,
Transcervical Resection of Endometrium (TCRE),,,,
"Transient Ischaemic Attacks or Episodes (TIA, TIE)",,,,
Translocation,,,,
Transplantation,,,,
Trans-Sexualism,,,,
Transudation,,,,
Transurethral Resection,,,,
Transverse,,,,
Transvestitism,,,,
Tranylcypromine,,,,
Trapezium,,,,
Trauma,,,,
Traumatology,,,,
Travel Sickness,,,,
Tremor,,,,
Trench Fever,,,,
Trench Foot,,,,
Trendelenberg Position,,,,
Trepanning,,,,
Trephining,,,,
Treponema,,,,
Triage,,,,
Triamcinolone,,,,
Triceps,,,,
Trichiasis,,,,
Trichiniasis,,,,
Tricho,,,,
Trichinosis,,,,
Trichomonas Vaginalis,,,,
Trichomoniasis,,,,
Trichophyton,,,,
Trichotillomania,,,,
Trichuriasis,,,,
Tricuspid Incompetence,,,,
Tricuspid Stenosis,,,,
Tricuspid Valve,,,,
Tricyclic Antidepressant Drugs,,,,
Trifluoperazine,,,,
Trigeminal Nerve,,,,
Trigeminal Neuralgia,,,,
Trigger Finger,,,,
Trigger Thumb,,,,
Triglyceride,,,,
Trigone,,,,
Tri-Iodothyronine,,,,
Trimester,,,,
Trimethoprim,,,,
Trimipramine,,,,
Trinitrin,,,,
Trinitrophenol,,,,
Triplets,,,,
Triple Vaccine,,,,
Trismus,,,,
Trocar,,,,
Trochanter,,,,
Trochlear Nerve,,,,
Trophic,,,,
Trophoblast,,,,
Trophozoite,,,,
Tropical Diseases,,,,
Tropical Medicine,,,,
Tropical Ulcer,,,,
Trunk,,,,
Truss,,,,
Trypanosoma,,,,
Trypanosomiasis,,,,
Trypsin,,,,
Tryptophan,,,,
Tsetse Fly,,,,
Tsutsugamushi,,,,
Tubal Pregnancy,,,,
Tubercle,,,,
Tuberculide,,,,
Tuberculin,,,,
Tuberculosis,,,,
Tuberous Sclerosis,,,,
Tubocurarine,,,,
Tubule,,,,
Tularaemia,,,,
Tulle Gras,,,,
Tumescence,,,,
Tumour,,,,
Turgor,,,,
Turner’s Syndrome,,,,
Twins,,,,
Tympanic Membrane,,,,
Tympanites,,,,
Tympanum,,,,
Typhoid Fever,,,,
Typhus Fever,,,,
Tyramine,,,,
Tyrosine,,,,
UKCC,,,,
UKTSSA,,,,
Ulcer,,,,
Ulcerative Colitis,,,,
Ulcer Healing Drugs,,,,
Ulna,,,,
Ulnar Nerve,,,,
Ultrafiltration,,,,
Ultrasonography,,,,
Ultrasound,,,,
Ultraviolet Rays (UVR),,,,
Umbilical Cord,,,,
Umbilicus,,,,
Uncinate Fit,,,,
Unconscious,,,,
Unconsciousness,,,,
Undescended Testis,,,,
Undulant Feve,,,,
Ungual,,,,
Unguentum,,,,
Unit,,,,
Upper Limb Disorders,,,,
Urachus,,,,
Uraemia,,,,
Urates,,,,
Urea,,,,
Ureaplasma,,,,
Ureter,,,,
Ureteroenterostomy,,,,
Ureteroscope,,,,
Urethra,,,,
"Urethra, Diseases of and Injury to",,,,
Urethral Syndrome,,,,
Urethritis,,,,
Urethrocele,,,,
Urethrography,,,,
Urethroplasty,,,,
Uric Acid,,,,
Uricosuric Drug,,,,
Urinalysis,,,,
Urinary Bladder,,,,
"Urinary Bladder, Diseases of",,,,
Urinary Diversion,,,,
Urinary Tract,,,,
Urination,,,,
Urine Retention,,,,
Urinometer,,,,
Urobilinogen,,,,
Urocele,,,,
Urodynamics,,,,
Urogenital,,,,
Urography,,,,
Urokinase,,,,
Urology,,,,
Ursodeoxycholic Acid,,,,
URTI,,,,
Urticaria,,,,
"Uterus, Diseases of",,,,
Uterus,,,,
Utricle,,,,
Uvea,,,,
Uveitis,,,,
Uvulopalatopharyngoplasty,,,,
Uvula,,,,
Vaccination,,,,
Vaccine,,,,
Vaccinia,,,,
Vacuole,,,,
Vacuum Extractor,,,,
Vagina,,,,
Vaginitis,,,,
Vagotomy,,,,
Vagus,,,,
Valgus,,,,
Validity,,,,
Valine,,,,
Valium,,,,
Valsalva’s Manoeuvre,,,,
Van Den Bergh Test,,,,
Valves,,,,
Vaporiser,,,,
Variance,,,,
Varicella,,,,
Valvotomy,,,,
Variance,,,,
Varicella,,,,
Valvular Disease,,,,
Varicose Veins,,,,
Variola,,,,
Valvuloplasty,,,,
Vancomycin,,,,
Variola,,,,
Varix,,,,
Varus,,,,
Vas,,,,
Vasa Efferentia,,,,
Vascular,,,,
Vasculitis,,,,
Vas Deferens,,,,
Vasectomy,,,,
Vasoconstriction,,,,
Vasoconstrictors,,,,
Vasodilators,,,,
Vasomotor Centre,,,,
Vasomotor Nerves,,,,
Vasopressin,,,,
Vasovagal Attack,,,,
VD,,,,
Vector,,,,
Veganism,,,,
Vegetarianism,,,,
Vegetations,,,,
Vehicle,,,,
Veins,,,,
"Veins, Diseases of",,,,
Vena Cava,,,,
Venepuncture,,,,
Venereal Diseases,,,,
Venesection,,,,
Venography,,,,
Venous Ulcer,,,,
"Ventilation, Artificial",,,,
Ventilator,,,,
Ventouse,,,,
Ventral,,,,
Ventricle,,,,
Ventricular Fibrillation,,,,
Ventricular Hypertrophy,,,,
Ventricular Septal Defect,,,,
Ventriculography,,,,
Ventrosuspension,,,,
Venule,,,,
Verapamil,,,,
Vermicides,,,,
Vernix,,,,
Verruca,,,,
Verrucose,,,,
Version,,,,
Vertebra,,,,
Vertebrobasilar Insuffiency,,,,
Vertigo,,,,
Vesical,,,,
Vesicants,,,,
Vesicle,,,,
Vesico-Ureteric Reflux,,,,
Vesicovaginal Fistula,,,,
Vesicular Breathing,,,,
Vestibule,,,,
Vestibulocochlear Nerve,,,,
Vestibulo-Ocular Reflex,,,,
Vestigial,,,,
Viable,,,,
Viagra,,,,
Vibrator,,,,
Vibrio,,,,
Villus,,,,
Vinca Alkaloids,,,,
Vincent’s Angina,,,,
Vinorelbine,,,,
Vinyl Ether,,,,
Viraemia,,,,
Viral Haemorrhagic Fever,,,,
Viral Pneumonia,,,,
Virilisation,,,,
Virilism,,,,
Virology,,,,
Virtual Hospital,,,,
Virulence,,,,
Virus,,,,
Viscera,,,,
Vision,,,,
"Vision, Disorders of",,,,
"Vision, Field of",,,,
Vision Tests,,,,
Visual Acuity,,,,
Visual Evoked Response,,,,
Vital Capacity,,,,
Vital Centres,,,,
Vitallium,,,,
Vital Sign,,,,
Vitamin,,,,
Vitiligo,,,,
Vitreous Body,,,,
Viviparous,,,,
Vivisection,,,,
Vocal Cords,,,,
Vocal Resonance,,,,
Voice and Speech,,,,
Volar,,,,
Volkmann’s Contracture,,,,
Voluntary Admission,,,,
Voluntary Muscle,,,,
Volvulus,,,,
Vomiting,,,,
Von Recklinghausen’s Disease,,,,
Von Willebrand’s Disease,,,,
Voyeurism,,,,
Vulva,,,,
Vulvectomy,,,,
Vulvo-Vaginitis,,,,
Waiting List,,,,
Walk,,,,
Warfarin,,,,
Warfarin,,,,
Washing,,,,
Washing Out of the Stomach,,,,
Wassermann Reaction,,,,
Wasting,,,,
Water Bed,,,,
Waterbrash,,,,
Water-Hammer Pulse,,,,
Water Intoxication,,,,
Wax,,,,
Weakness,,,,
Weals,,,,
Weaning,,,,
Webbed Fingers,,,,
Weber’s Test,,,,
Weight and Height,,,,
Weights and Measures,,,,
Weil’s Disease,,,,
Werner’s Syndrome,,,,
Wernicke’s Encephalopathy,,,,
Werthheim’s Hysterectomy,,,,
Werthheim’s Hysterectomy,,,,
Wheals,,,,
Wheezing,,,,
Whiplash Injury,,,,
Whipworm,,,,
White Blood Cell,,,,
White Finger,,,,
White Hair,,,,
Whitehead,,,,
Whitlow,,,,
Whooping-Cough,,,,
Widal Reaction,,,,
Wilms’ Tumour,,,,
Wilson’s Disease,,,,
Windpipe,,,,
Winter Vomiting Disease,,,,
Wisdom Tooth,,,,
Witch-Hazel,,,,
Withdrawal Bleeding,,,,
Withdrawal Symptoms,,,,
Womb,,,,
Womb Music,,,,
Wool-Sorters’ Disease,,,,
Word Blindness,,,,
World Medical Association,,,,
Worms,,,,
Wounds,,,,
Wrinkle,,,,
Wrist,,,,
Wrist-Drop,,,,
Writer’s Cramp,,,,
Wry-Neck,,,,
Xanthelasma Palpebrarum,,,,
Xanthoma,,,,
X Chromosome,,,,
Xenograft,,,,
Xenotransplantation,,,,
Xeroderma,,,,
Xeroderma Pigmentosum,,,,
Xerosis,,,,
Xerostomia,,,,
Xiphisternum,,,,
Xiphoid Cartilage,,,,
Xiphoid Process,,,,
X-Rays,,,,
Xylose,,,,
Yawning,,,,
Yaws,,,,
Y Chromosome,,,,
Yeast,,,,
Yellow Fever,,,,
Yersinia,,,,
Yin and Yang,,,,
Yoga,,,,
Yoghurt,,,,
Yohimbine,,,,
Yttrium-90,,,,
Zalcitabine,,,,
Zanamivir,,,,
Zidovudine,,,,
Zinc,,,,
Zollinger-Ellison Syndrome,,,,
Zona and Zoster,,,,
Zonulolysis,,,,
Zoonoses,,,,
Zygoma,,,,
Zygote,,,,
Zymolysis,,,,